kwic_id,doc_id,doc_token_id,doc_file_name,hit_size,S1,S2,S3,L10,L9,L8,L7,L6,L5,L4,L3,L2,L1,R0,R1,R2,R3,R4,R5,R6,R7,R8,R9
194,45,158,_10_1371_journal_pone_0073427.txt,1,109,9,1,receivers ,deployed ,throughout ,the ,study ,area. ,Migrating ,steelhead ,smolts ,were ,detected ,at ,the ,Hood ,Canal ,Bridge ,array ,with ,greater ,"frequency, "
178,68,63,_10_1371_journal_pone_0082640.txt,1,109,9,1,Center ,Hospital ,of ,Tianjin. ,Inpatient ,diagnoses ,of ,RTI ,patients ,were ,defined ,using ,the ,International ,Classification ,of ,"Diseases, ",Tenth ,Revision (,ICD-10) 
80,14,268,_10_1371_journal_pone_0062712.txt,1,109,9,1,indicates ,that ,the ,levels ,of ,ARGs ,at ,this ,site ,were ,associated ,with ,the ,environmental ,levels ,of ,"antibiotics.

",: ,The ,western 
108,74,101,_10_1371_journal_pone_0086294.txt,1,109,9,1,endodontically ,treated ,and ,post ,space ,preparations ,and ,post ,placement ,were ,performed ,using ,the ,following ,systems: ,Rebilda ,Post/,Rebilda ,DC/,Futurabond 
290,65,79,_10_1371_journal_pone_0080598.txt,1,109,9,1,g. ,travel ,distance ,or ,socio-,economic ,status) ,prevalence ,ratios ,were ,calculated ,for ,the ,four ,disease ,symptoms. ,A ,Poisson ,regression ,model 
224,63,26,_10_1371_journal_pone_0080178.txt,1,109,9,1,peak ,urban ,rail ,transit (,URT) ,ODs (,origin-,destination ,matrix) ,were ,estimated ,and ,the ,most ,vulnerable ,URT ,"segments, ",those ,capable ,of 
240,23,201,_10_1371_journal_pone_0064782.txt,1,109,9,1,an ,individual ,level. ,Only 16% ,of ,the ,changes ,in ,KSS ,were ,predicted ,by ,the ,observer. ,The ,correlation ,between ,the ,observer ,ratings 
220,20,230,_10_1371_journal_pone_0064317.txt,1,109,9,1,this ,"model, ",passenger ,flows ,"between 1,491 ",airports ,"on 644,406 ",unique ,routes ,were ,estimated ,in ,the ,prediction ,dataset. ,The ,airport ,node ,characteristics ,and 
193,45,130,_10_1371_journal_pone_0073427.txt,1,109,9,1,Strait ,of ,Juan ,de ,Fuca. ,Twenty-,seven ,mortality ,events ,were ,detected ,within ,the ,vicinity ,of ,the ,Hood ,Canal ,"Bridge, ",while 
384,14,234,_10_1371_journal_pone_0062712.txt,1,109,6,1,and ,trimethoprim. ,Highest ,levels ,of ,both ,antibiotics ,and ,ARGs ,were ,seen ,at ,a ,drug ,formulation ,"facility, ",within ,an ,industrial ,estate 
92,77,231,_10_1371_journal_pone_0087244.txt,1,109,6,1,limited ,"lighting, ",double ,lanes ,"roadways, ",and ,less ,auxiliary ,lanes ,were ,associated ,with ,a ,higher ,incidence ,of ,fatal ,crashes. ,Conclusions: ,By 
82,31,175,_10_1371_journal_pone_0067575.txt,1,109,6,1,Lower ,odds ,of ,walking ,or ,cycling ,rather ,than ,driving ,were ,associated ,with ,a ,less ,frequent ,bus ,service (,highest ,versus ,lowest 
159,46,196,_10_1371_journal_pone_0073695.txt,1,109,6,1,scale ,of 10 ,to 15 ,days ,before ,their ,"death, ",caribou ,that ,were ,killed ,by ,a ,predator ,selected ,for ,recent ,disturbances ,more ,than 
64,74,177,_10_1371_journal_pone_0086294.txt,1,109,6,1,analyzed ,using ,Confocal ,Laser ,Scanning ,Microscopy (,CLSM). ,Bond ,strengths ,were ,evaluated ,using ,a ,push-,out ,test. ,Data ,were ,analyzed ,using 
270,57,82,_10_1371_journal_pone_0077514.txt,1,109,6,1,caribou ,in ,a ,managed ,area ,in ,"Québec, ",Canada. ,Movements ,were ,studied ,using ,a ,use – ,availability ,design ,contrasting ,observed ,steps (,i.
15,0,138,_10_1371_journal_pone_0053755.txt,1,109,3,1,clusters. ,Bivariate ,and ,multiple ,logistic ,or ,Poisson ,regression ,analyses ,were ,used ,to ,determine ,significant ,relationships. ,"Overall, ",bed ,net (30%) ,and ,ITN (9%) 
96,2,80,_10_1371_journal_pone_0055638.txt,1,109,3,1,deprivation ,at ,datazone ,level. ,GIS ,car ,and ,bus ,networks ,were ,created ,to ,determine ,the ,number ,of ,PA ,facilities ,accessible ,within 
5,4,68,_10_1371_journal_pone_0057255.txt,1,109,3,1,health ,check-,ups ,and ,answered ,a ,road ,traffic ,questionnaire ,were ,examined ,to ,determine ,whether ,asymptomatic ,leukoaraiosis ,was ,associated ,with ,various 
373,66,139,_10_1371_journal_pone_0081153.txt,1,109,2,1,of ,the ,day. ,On ,cold ,"days, ",people',s ,activities ,were ,found ,to ,be ,more ,diverse ,especially ,after 10,"AM, ",showing ,greatest 
369,51,167,_10_1371_journal_pone_0075424.txt,1,109,2,1,when ,dichotomised ,by ,the ,one ,metre ,rule. ,Other ,factors ,were ,found ,to ,be ,significantly ,associated ,with ,close ,passing ,including ,cyclists' 
153,8,132,_10_1371_journal_pone_0058650.txt,1,109,2,2,in ,the ,MOH 2011 ,Strategic ,Plan. ,Results: ,Differences ,in ,performance ,were ,noted ,by ,district ,and ,residence. ,Finance ,and ,service ,delivery ,domains 
154,8,265,_10_1371_journal_pone_0058650.txt,1,109,2,2,facilities ,in ,three ,districts ,of ,Zambia. ,Differences ,in ,performance ,were ,noted ,by ,district ,and ,residence ,in ,most ,domains ,with ,finance 
123,77,65,_10_1371_journal_pone_0087244.txt,1,109,2,1,affecting ,road ,traffic ,fatalities. ,Methods ,and ,Findings: ,Four ,techniques ,were ,utilized ,to ,identify ,and ,analyze ,RTI ,hotspots. ,We ,used ,spatial 
34,84,114,_10_1371_journal_pone_0088463.txt,1,109,2,1,projections ,were ,generated ,from 19 ,Global ,Circulation ,Models. ,Focus ,groups ,were ,used ,to ,identify ,nine ,indicators ,of ,sensitivity ,and ,eleven ,indicators 
274,34,46,_10_1371_journal_pone_0068636.txt,1,109,1,1,All ,RTC ,injured ,children ,and ,youth (0–19-,year-,olds) ,who ,were ,admitted ,to ,Al ,Ain ,City’,s ,two ,major ,trauma ,centers 
137,74,167,_10_1371_journal_pone_0086294.txt,1,109,1,1,were ,labeled ,using ,fluorescent ,dyes ,and ,resin-,dentin ,interfaces ,were ,analyzed ,using ,Confocal ,Laser ,Scanning ,Microscopy (,CLSM). ,Bond ,strengths ,were 
338,84,106,_10_1371_journal_pone_0088463.txt,1,109,1,1,"Mexico, ","Guatemala, ",El ,Salvador ,and ,Nicaragua. ,Future ,climate ,projections ,were ,generated ,from 19 ,Global ,Circulation ,Models. ,Focus ,groups ,were ,used ,to 
263,40,85,_10_1371_journal_pone_0071179.txt,1,109,1,1,of ,injured ,elephants. ,Methodology/,Principal ,Findings: ,Between 2007 ,"and 2011, 129 ",elephants ,were ,monitored ,in ,Masai ,Mara (,"Kenya), ",of ,which 54 ,had ,various ,types 
354,90,91,_10_1371_journal_pone_0091058.txt,1,109,1,1,"China, ",comprising 40 ,males (80 ,hips) ,and 40 ,females (80 ,hips). ,The ,images ,were ,imported ,into ,Mimics 10.01 ,to ,perform 3,D ,reconstruction. ,THA-,associated ,anatomical 
226,96,102,_10_1371_journal_pone_0092459.txt,1,109,1,1,polluted ,metals. ,While ,the ,results ,of ,extraction ,of ,TCLP ,were ,assessed ,using ,"P, ",the ,sequence ,was ,As > ,Pb > ,Cd > ,Cr > 
135,68,124,_10_1371_journal_pone_0082640.txt,1,109,1,1,severity ,of ,"injuries, ",duration ,of ,inpatient ,"stays, ",hospitalization ,cost ,were ,analyzed. ,Results: ,People ,between ,the ,ages ,of 16 ,and 55 ,were ,the 
356,93,92,_10_1371_journal_pone_0091942.txt,1,109,1,1,m) ,from ,the ,AP-51 ,motorway ,in ,Spain. ,Wood ,mice ,were ,captured ,with ,Sherman ,live ,"traps, ",and ,fresh ,faecal ,samples ,from 424 
47,44,166,_10_1371_journal_pone_0072984.txt,1,109,1,1,generalised ,linear ,mixed ,models ,allowing ,for ,spatial ,auto-,correlation ,were ,fitted. ,Results: ,Significantly ,lower ,densities ,of ,stone ,curlew ,nests ,were 
97,76,31,_10_1371_journal_pone_0086888.txt,1,109,1,1,have ,disappeared ,"is 1,895 (37%), 2,667 ",ponds ,"remain (52%), ",and ,only 537 (11%) ,new ,ponds ,were ,created ,within ,a 757 ,km2 ,area ,in ,"Taoyuan, ",Taiwan ,between 1926 ,and 1960. 
334,70,62,_10_1371_journal_pone_0083462.txt,1,109,1,1,urban ,street ,dust ,and ,soil ,samples ,from ,"Baoji, ",China ,were ,pretreated ,with ,acids ,and ,analyzed ,with ,four ,thermal/,optical ,protocols 
51,71,66,_10_1371_journal_pone_0085470.txt,1,109,1,1,in ,forest ,canopies ,remains ,unknown. ,For ,this ,"study, ",anurans ,were ,collected ,from ,an ,upper ,canopy ,tank ,bromeliad (,Aechmea ,zebrina) ,at ∼20–45 
309,52,96,_10_1371_journal_pone_0076108.txt,1,109,1,1,taken ,by ,aspiration ,of ,the ,purulent ,exudate. ,Clinical ,samples ,were ,processed ,for ,analysis ,of ,the ,exoproteome ,by ,using ,two ,complementary 
52,93,104,_10_1371_journal_pone_0091942.txt,1,109,1,1,Sherman ,live ,"traps, ",and ,fresh ,faecal ,samples ,from 424 ,individuals ,were ,collected ,and ,analyzed ,in ,the ,laboratory. ,The ,quantification ,of ,FCM 
9,0,83,_10_1371_journal_pone_0053755.txt,1,109,1,1,and ,health ,"facilities, ",plus ,access ,to ,major ,transport ,networks ,were ,investigated. ,Demographic ,and ,Health ,Survey ,geo-,referenced ,cluster ,level ,data 
298,66,32,_10_1371_journal_pone_0081153.txt,1,109,1,1,used ,as ,weather ,parameters. ,People',s ,daily ,activity ,patterns ,were ,"inferred, ",such ,as ,place ,"visited, ",the ,time ,this ,took ,"place, "
392,52,86,_10_1371_journal_pone_0076108.txt,1,109,1,1,NaOCl ,or ,chlorhexidine ,as ,the ,irrigant. ,Samples ,from ,abscesses ,were ,taken ,by ,aspiration ,of ,the ,purulent ,exudate. ,Clinical ,samples ,were 
291,96,56,_10_1371_journal_pone_0092459.txt,1,109,1,1,hazard ,index (,HI) ,and ,the ,cancer ,risk ,index (,RI) ,were ,calculated ,to ,assess ,the ,potential ,risk. ,The ,sequence ,of ,potential 
246,63,42,_10_1371_journal_pone_0080178.txt,1,109,1,1,"segments, ",those ,capable ,of ,causing ,the ,largest ,service ,"interruptions, ",were ,identified. ,In ,both ,URT ,"networks, ",a ,few ,highly ,vulnerable ,segments 
188,72,237,_10_1371_journal_pone_0085557.txt,1,109,1,1,many ,others ,bifurcated ,or ,fused. ,A ,majority ,of ,bifurcations ,were ,observed ,at ,branching ,points. ,"However, ",some ,canals ,appeared ,and/,or 
67,86,88,_10_1371_journal_pone_0089381.txt,1,109,1,1,similar ,normally-,sighted ,drivers ,participated. ,Dynamic ,and ,static ,attention ,were ,evaluated ,with ,"brief, ",computer-,based ,MOT ,and ,UFOV ,"tasks, ",respectively. 
173,66,208,_10_1371_journal_pone_0081153.txt,1,109,1,1,observed ,that ,different ,geographical ,areas ,of ,a ,large ,metropolis ,were ,impacted ,differently ,by ,the ,weather. ,Using ,data ,of ,urban ,infrastructure 
278,34,141,_10_1371_journal_pone_0068636.txt,1,109,1,1,vehicle (37%) ,followed ,by ,front ,impact ,collision (32%). 32 (13%) ,of ,vehicle ,occupants ,were ,ejected ,from ,car. 63% ,of ,ejected ,occupants ,and 70% ,of ,motorcyclists ,sustained 
57,52,242,_10_1371_journal_pone_0076108.txt,1,109,1,1,to ,methane ,production. ,The ,majority ,of ,human ,proteins ,detected ,were ,related ,to ,cellular ,processes ,and ,"metabolism, ",as ,well ,as ,immune 
23,42,87,_10_1371_journal_pone_0071790.txt,1,109,1,1,similar ,data ,were ,available ,for 1971–2001. ,Indices ,of ,Multiple ,Deprivation ,were ,used ,to ,characterise ,socio-,economic ,patterning. ,The ,National ,Travel ,Survey (2002–2010) 
218,31,98,_10_1371_journal_pone_0067575.txt,1,109,1,1,characteristics. ,Using ,geographic ,information ,system (,GIS) ,"software, 30 ",exposure ,variables ,were ,produced ,capturing ,characteristics ,of ,areas ,around ,participants' ,homes ,and ,workplaces 
48,90,103,_10_1371_journal_pone_0091058.txt,1,109,1,1,Mimics 10.01 ,to ,perform 3,D ,reconstruction. ,THA-,associated ,anatomical ,parameters ,were ,measured ,and ,compared ,with ,other ,published ,data. ,In ,comparison ,with 
353,89,94,_10_1371_journal_pone_0090835.txt,1,109,1,1,using ,a ,string ,term. ,"Medical, ",police ,and ,ambulance ,records ,were ,reviewed ,for ,data ,extraction. ,Results: ,A ,total ,of 347 ,patients ,were 
31,76,55,_10_1371_journal_pone_0086888.txt,1,109,1,1,geographic ,information ,system (,GIS) ,and ,logistic ,stepwise ,regression ,model ,were ,used ,to ,detect ,pond-,loss ,rates ,and ,to ,understand ,the 
265,30,119,_10_1371_journal_pone_0066285.txt,1,109,1,1,CWd) ,and ,salinity ,controls (,SC: ,without ,canal ,water). ,CWd ,were ,prepared ,by ,diluting ,the ,water ,effluent (,sampled ,during ,the ,pesticide 
366,44,176,_10_1371_journal_pone_0072984.txt,1,109,1,1,fitted. ,Results: ,Significantly ,lower ,densities ,of ,stone ,curlew ,nests ,were ,found ,at ,distances ,up ,to 1500,m ,from ,"settlements, ",and ,distances 
131,97,29,_10_1371_journal_pone_0093925.txt,1,109,1,1,settlement ,in ,"Mumbai, ",India. ,Methods ,and ,Findings: ,LBHCS ,codes ,were ,designed ,to ,double ,as ,unique ,household ,identifiers ,and ,as ,walking 
342,75,103,_10_1371_journal_pone_0086742.txt,1,109,1,1,who ,did ,not ,crash ,during ,that ,period. ,Four ,controls ,were ,matched ,to ,each ,case ,by ,"sex, ",age ,and ,place ,of 
343,77,116,_10_1371_journal_pone_0087244.txt,1,109,1,1,to ,crash ,occurrence ,in ,the ,hotspots. ,Between 2007 ,"and 2009, 379 ",crashes ,were ,"notified, ",with 466 ,fatalities ,on ,BR277. ,Higher ,incidence ,of ,crashes ,occurred 
100,48,138,_10_1371_journal_pone_0074918.txt,1,109,1,1,sampling ,grid ,covering ,the ,landscape ,under ,study. ,The ,outputs ,were ,compared ,to ,field ,data. ,We ,investigated ,two ,landscapes ,using ,grids 
233,78,199,_10_1371_journal_pone_0087470.txt,1,109,1,1,of ,ten ,HP ,and ,four ,out ,of ,ten ,GP ,were ,rated ,as ,fit ,to ,drive ,by ,the ,driving ,"instructor, ",despite 
341,74,158,_10_1371_journal_pone_0086294.txt,1,109,1,1,Adhesive ,systems ,and ,core ,materials ,of 10 ,specimens ,per ,group ,were ,labeled ,using ,fluorescent ,dyes ,and ,resin-,dentin ,interfaces ,were ,analyzed 
18,23,32,_10_1371_journal_pone_0064782.txt,1,109,1,1,driver ,sleepiness ,in ,field ,studies. ,Two ,measures ,of ,ORS ,were ,used: (1) ,one ,for ,behavioural ,signs ,based ,on ,facial ,"expression, ",body 
376,90,176,_10_1371_journal_pone_0091058.txt,1,109,1,1,flare ,index (,CFI) ,and ,distal ,canal ,flare ,index (,DCFI) ,were ,found ,between ,"genders, ",it ,was ,concluded ,the ,most ,significant ,differences 
311,53,131,_10_1371_journal_pone_0077026.txt,1,109,1,1,number ,of ,"highways, ",and ,the ,number ,of ,ordinary ,"roads, ",were ,uncorrelated ,with ,genetic ,differences (,FST) ,among ,tree ,sparrows ,from ,different 
112,90,74,_10_1371_journal_pone_0091058.txt,1,109,1,1,to ,detect ,differences ,between ,different ,population ,subsets. ,CT ,scans ,were ,performed ,on 80 ,healthy ,volunteers (160 ,hips) ,from ,South ,"China, ",comprising 40 ,males (80 
357,96,89,_10_1371_journal_pone_0092459.txt,1,109,1,1,copper (,Cu) > ,chromium (,"Cr), ",in ,"particular, ",As ,and ,Cd ,were ,regarded ,as ,high ,polluted ,metals. ,While ,the ,results ,of ,extraction 
374,70,92,_10_1371_journal_pone_0083462.txt,1,109,1,1,measurement. ,The ,EC ,values ,measured ,with ,reflectance ,correction (,ECR) ,were ,found ,always ,higher ,and ,less ,sensitive ,to ,temperature ,program ,than 
94,89,183,_10_1371_journal_pone_0090835.txt,1,109,1,1,severe ,injury (,"OR 0.61, 95% ","CI 0.38–0.98, ",p<0.042). ,Accidents ,involving ,a ,truck ,were ,associated ,with ,increased ,risk ,of ,severe ,injury (,"OR 3.53, 95%","CI 1.21–10.26, ",p<0.02). 
272,32,140,_10_1371_journal_pone_0068258.txt,1,109,1,1,the ,concession ,of ,grant ,proposals. ,Results: 63.4% ,of ,the ,applications ,were ,funded. ,Bibliometric ,indicators ,for ,accepted ,proposals ,showed ,a ,better ,previous 
389,81,131,_10_1371_journal_pone_0087944.txt,1,109,1,1,at ,one ,of ,three ,"speeds: 30, 60, ",or 90 ,kph (,no ,vultures ,were ,struck). ,Flight ,initiation ,distance ,of ,vultures ,increased ,by ,a ,factor 
375,87,197,_10_1371_journal_pone_0089664.txt,1,109,1,1,"precisely, ",relatively ,more ,alien ,species ,present ,in ,the ,roadside ,were ,found ,to ,invade ,into ,the ,surrounding ,natural ,community ,at ,high 
280,35,163,_10_1371_journal_pone_0069254.txt,1,109,1,1,the ,new ,system ,to ,be ,an ,improvement; ,"consequently, ",they ,were ,frustrated ,that ,it ,was ,differentiated ,from ,and ,not ,coherent ,with 
93,89,168,_10_1371_journal_pone_0090835.txt,1,109,1,1,"SD 16.5, ",range 1–75) ,versus 10.5 (,"SD13.14, ",range 1–75) (,p<0.019). ,Zebra ,crosswalk ,accidents ,were ,associated ,with ,less ,risk ,of ,severe ,injury (,"OR 0.61, 95% ","CI 0.38–0.98, ",p<0.042). 
217,20,153,_10_1371_journal_pone_0064317.txt,1,109,1,1,in ,the ,United ,"States, ",Canada ,and ,the ,European ,Union ,were ,assembled. ,A ,log-,linear ,model ,controlling ,the ,random ,effects ,on 
313,54,46,_10_1371_journal_pone_0077294.txt,1,109,1,1,four 5-,min ,driving ,sessions ,in ,a ,simulator. ,The ,participants ,were ,instructed ,to ,maintain ,the ,car ,in ,the ,right ,lane ,of 
14,0,94,_10_1371_journal_pone_0053755.txt,1,109,1,1,Demographic ,and ,Health ,Survey ,geo-,referenced ,cluster ,level ,data ,were ,used ,to ,map ,bed ,net ,coverage (,proportion ,of ,households ,with 
238,78,141,_10_1371_journal_pone_0087470.txt,1,109,1,1,to ,investigate ,the ,subjects' ,visual ,exploration ,"ability, ",eye ,movements ,were ,recorded ,by ,means ,of ,a ,mobile ,eye ,tracker. ,Two ,additional 
56,52,181,_10_1371_journal_pone_0076108.txt,1,109,1,1,large ,majority ,of ,microbial ,proteins ,found ,in ,endodontic ,samples ,were ,related ,to ,metabolic ,and ,housekeeping ,"processes, ",including ,protein ,"synthesis, ",energy 
33,78,153,_10_1371_journal_pone_0087470.txt,1,109,1,1,means ,of ,a ,mobile ,eye ,tracker. ,Two ,additional ,cameras ,were ,used ,to ,monitor ,the ,driving ,scene ,and ,record ,head ,and 
187,72,207,_10_1371_journal_pone_0085557.txt,1,109,1,1,of ,histological ,or ,other ,destructive ,methods. ,Several ,canal ,patterns ,were ,observed. ,Although ,most ,of ,them ,were ,"simple, ",i.,e. ,only 
12,31,129,_10_1371_journal_pone_0067575.txt,1,109,1,1,of ,travel ,to ,work ,and ,personal ,and ,environmental ,characteristics ,were ,investigated ,using ,multinomial ,logistic ,regression. ,Results: ,Of ,the 1124 ,"respondents, 50% ",reported 
243,84,80,_10_1371_journal_pone_0088463.txt,1,109,1,1,in ,the ,climatic ,suitability ,for ,coffee ,and ,other ,crops ,were ,predicted ,through ,niche ,modelling ,based ,on ,historical ,climate ,data ,and 
289,42,116,_10_1371_journal_pone_0071790.txt,1,109,1,1,and ,modal ,share ,of ,total ,travel ,time. ,These ,correlations ,were ,calculated ,across 150 ,non-,overlapping ,populations ,defined ,by ,"region, ",year ,band 
225,44,147,_10_1371_journal_pone_0072984.txt,1,109,1,1,local ,density ,of ,nearby ,"buildings, ",roads ,and ,traffic ,levels ,were ,assessed ,using ,normal ,kernel ,distance-,weighting ,functions. ,Quasi-,Poisson ,generalised 
245,52,135,_10_1371_journal_pone_0076108.txt,1,109,1,1,of-,flight. ,A ,total ,of 308 ,proteins ,of ,microbial ,origin ,were ,identified. ,The ,number ,of ,proteins ,in ,abscesses ,was ,higher ,than 
248,84,154,_10_1371_journal_pone_0088463.txt,1,109,1,1,condensed ,into ,an ,index ,of ,"vulnerability, ",and ,adaptation ,strategies ,were ,identified ,in ,participatory ,workshops. ,Models ,predict ,that ,all ,target ,countries 
133,34,105,_10_1371_journal_pone_0068636.txt,1,109,1,1,"Scale, ",intensive ,care ,unit ,"admissions, ",hospital ,stay ,and ,mortality ,were ,analyzed. ,Results: 245 ,patients ,were ,"studied, 69% ",were ,vehicle ,"occupants, 15% ","pedestrians, 9% ",motorcyclists 
157,9,114,_10_1371_journal_pone_0058978.txt,1,109,1,1,each ,subpopulation. ,Statewide ,across ,all ,"years, 48.5% ",of ,all ,manatees ,were ,counted ,at ,power ,plant ,"outfalls, 17.5% ",at ,natural ,"springs, ",and 34.9 % ,at 
370,52,206,_10_1371_journal_pone_0076108.txt,1,109,1,1,several ,other ,proteins ,related ,to ,pathogenicity ,and ,resistance/,survival ,were ,"found, ",including ,proteins ,involved ,with ,"adhesion, ",biofilm ,formation ,and ,antibiotic 
372,57,204,_10_1371_journal_pone_0077514.txt,1,109,1,1,clearcut ,edges ,and ,roads ,at ,low ,"densities, ",crossing ,rates ,were ,found ,to ,rapidly ,increase ,in ,greater ,disturbance ,densities. ,In ,some 
215,18,124,_10_1371_journal_pone_0064128.txt,1,109,1,1,and ,adult ,behaviors. ,Adult ,C57,BL/6,J ,female ,mice ,were ,exposed ,to ,re-,aerosolized ,nPM (350 ,µg/,m3) ,or ,control ,filtered 
61,1,143,_10_1371_journal_pone_0054582.txt,1,109,1,1,of ,Google ,Street ,View ,to ,ecologists ,and ,conservation ,biologists ,were ,evaluated: ,i) ,remotely ,identifying ,a ,species’ ,potential ,habitat ,and ,ii) 
138,74,185,_10_1371_journal_pone_0086294.txt,1,109,1,1,strengths ,were ,evaluated ,using ,a ,push-,out ,test. ,Data ,were ,analyzed ,using ,repeated ,measurement ,ANOVA ,and ,following ,post-,hoc ,test. 
391,52,59,_10_1371_journal_pone_0076108.txt,1,109,1,1,human ,proteins ,associated ,with ,these ,infections ,were ,identified. ,Samples ,were ,taken ,from ,root ,canals ,of ,teeth ,with ,asymptomatic ,apical ,periodontitis 
307,51,129,_10_1371_journal_pone_0075424.txt,1,109,1,1,dichotomised ,by ,the ,one ,metre ,rule. ,Bootstrap ,p-,values ,were ,computed ,using ,sample ,sizes ,computed ,from ,conventional ,values ,of ,power 
66,84,129,_10_1371_journal_pone_0088463.txt,1,109,1,1,of ,sensitivity ,and ,eleven ,indicators ,of ,adaptive ,"capacity, ",which ,were ,evaluated ,through ,semi-,structured ,interviews ,with 558 ,coffee ,producers. ,"Exposure, ",sensitivity 
189,14,96,_10_1371_journal_pone_0062712.txt,1,109,1,1,ARGs ,in ,selected ,samples ,from ,this ,region. 19 ,sampling ,sites ,were ,selected; ,including ,six ,"rivers, ",one ,"dam, ",one ,"canal, ",one ,sewage 
390,23,132,_10_1371_journal_pone_0064782.txt,1,109,1,1,for ,calculation ,of ,blink ,duration) ,and ,several ,driving ,measure ,were ,taken ,and ,synchronized ,with ,the ,reporting. ,Based ,on ,mixed ,model 
160,10,46,_10_1371_journal_pone_0060158.txt,1,109,1,1,Wales. ,Participants: 617 ,elected ,local ,politicians. ,Interventions: ,Intervention ,group ,politicians ,were ,provided ,with ,tailored ,information ,"packs, ",including ,maps ,of ,casualty ,"sites, "
331,65,42,_10_1371_journal_pone_0080598.txt,1,109,1,1,sectional ,health ,care ,utilization ,survey ,was ,conducted ,"and 8,715 ",caregivers ,were ,interviewed ,regarding ,their ,intended ,behavior ,in ,case ,their ,children ,had 
367,49,237,_10_1371_journal_pone_0075024.txt,1,109,1,1,the ,mammal ,species ,distributions ,and ,significant ,human ,hunting ,signs ,were ,found ,inside ,these ,protected ,"areas, ",illustrating ,the ,lack ,of ,environmental 
185,63,53,_10_1371_journal_pone_0080178.txt,1,109,1,1,In ,both ,URT ,"networks, ",a ,few ,highly ,vulnerable ,segments ,were ,observed. ,For ,this ,small ,group ,of ,vital ,"segments, ",the ,impact 
266,71,85,_10_1371_journal_pone_0085470.txt,1,109,1,1,at ∼20–45 ,m (,x¯ = 33 ,m) ,above ,the ,forest ,floor. ,Bromeliads ,were ,sampled ,from ,trees ,located ,near ,trails ,in ,undisturbed ,primary ,rainforest 
249,89,82,_10_1371_journal_pone_0090835.txt,1,109,1,1,vehicle ,while ,crossing ,the ,road ,as ,a ,pedestrian. ,Patients ,were ,identified ,by ,using ,a ,string ,term. ,"Medical, ",police ,and ,ambulance 
269,34,109,_10_1371_journal_pone_0068636.txt,1,109,1,1,"admissions, ",hospital ,stay ,and ,mortality ,were ,analyzed. ,Results: 245 ,patients ,were ,"studied, 69% ",were ,vehicle ,"occupants, 15% ","pedestrians, 9% ",motorcyclists ,and 5% ,bicyclists. 79% ,were ,males 
303,77,101,_10_1371_journal_pone_0087244.txt,1,109,1,1,regions. ,"Additionally, ",built ,environment ,"analysis, ",and ,principal ,component ,analysis ,were ,conducted ,to ,verify ,patterns ,contributing ,to ,crash ,occurrence ,in ,the 
29,66,22,_10_1371_journal_pone_0081153.txt,1,109,1,1,s ,everyday ,activity ,patterns. ,"Temperature, ","rainfall, ",and ,wind ,speed ,were ,used ,as ,weather ,parameters. ,People',s ,daily ,activity ,patterns ,were 
244,52,56,_10_1371_journal_pone_0076108.txt,1,109,1,1,also ,evaluated. ,"Finally, ",human ,proteins ,associated ,with ,these ,infections ,were ,identified. ,Samples ,were ,taken ,from ,root ,canals ,of ,teeth ,with 
383,87,103,_10_1371_journal_pone_0089664.txt,1,109,1,1,to ,the ,alpine ,zone. ,Observations ,of ,plant ,community ,composition ,were ,made ,together ,with ,"abiotic, ",biotic ,and ,anthropogenic ,factors ,in 60 ,T-
183,40,138,_10_1371_journal_pone_0071179.txt,1,52,6,1,more ,harm; ,on ,the ,other ,"hand, ",no ,such ,bias ,was ,observed ,in ,the ,case ,of ,passive ,injuries. ,Bias ,was ,also 
179,84,56,_10_1371_journal_pone_0088463.txt,1,52,6,1,the ,Intergovernmental ,Panel ,on ,Climate ,Change (,IPCC) ,"concepts, ",vulnerability ,was ,defined ,as ,the ,combination ,of ,"exposure, ",sensitivity ,and ,adaptive ,capacity. 
165,30,139,_10_1371_journal_pone_0066285.txt,1,52,6,1,application ,period) ,with ,artificial ,marine ,water. ,The ,salinity ,gradient ,was ,included ,in ,the ,design ,by ,achieving ,the ,same ,final ,salinities 
337,72,189,_10_1371_journal_pone_0085557.txt,1,52,6,1,Thus ,obtained ,three-,dimensional ,representation ,of ,the ,canal ,network ,was ,generated ,for ,the ,first ,time ,without ,the ,need ,of ,histological 
235,45,144,_10_1371_journal_pone_0073427.txt,1,52,6,1,of ,the ,Hood ,Canal ,"Bridge, ",while ,only ,one ,mortality ,was ,recorded ,on ,the ,other 325 ,receivers ,deployed ,throughout ,the ,study ,area. 
99,41,136,_10_1371_journal_pone_0071476.txt,1,52,6,1,This ,gradient ,of ,anthropogenic ,noise ,and ,artificial ,night ,light ,was ,reflected ,in ,the ,timing ,of ,dawn ,song. ,In ,the ,city 
257,51,97,_10_1371_journal_pone_0075424.txt,1,52,2,1,while ,in ,a ,bikelane ,and ,helmet ,wearing. ,Each ,variable ,was ,considered ,for ,a ,"final, ",multivariable ,model ,using ,purposeful ,selection ,of 
17,18,102,_10_1371_journal_pone_0064128.txt,1,52,2,1,of ,mice ,under ,controlled ,dose ,and ,duration. ,This ,paradigm ,was ,used ,for ,a ,pilot ,study ,of ,prenatal ,nPM ,impact ,on 
114,4,104,_10_1371_journal_pone_0057255.txt,1,52,2,2,and ,various ,types ,of ,traffic ,crashes. ,Results: ,Subcortical ,leukoaraiosis ,was ,diagnosed ,in 28.52% ,of ,all ,"subjects, ",whereas ,periventricular ,leukoaraiosis ,was ,diagnosed 
115,4,113,_10_1371_journal_pone_0057255.txt,1,52,2,2,was ,diagnosed ,in 28.52% ,of ,all ,"subjects, ",whereas ,periventricular ,leukoaraiosis ,was ,diagnosed ,in 9.57% ,of ,all ,subjects. ,Adjusted ,odds ,ratios ,for ,involvement 
300,50,71,_10_1371_journal_pone_0075308.txt,1,52,2,2,comprehensive ,review ,of ,the ,costs ,of ,various ,decontamination ,methods ,was ,conducted ,as ,part ,of ,the ,analysis. ,The ,results ,indicate ,that 
345,79,26,_10_1371_journal_pone_0087482.txt,1,52,2,2,was ,launched ,in ,Mexico. ,Two ,years ,later ,"in 2010, ",IMESEVI ,was ,refocused ,as ,part ,of ,a 10-,country ,international ,consortium ,demonstration ,project (
365,32,245,_10_1371_journal_pone_0068258.txt,1,52,2,1,and ,Education ,are ,the ,only ,areas ,where ,no ,relation ,was ,"found, ",although ,this ,may ,be ,due ,to ,the ,limitations ,of 
10,4,33,_10_1371_journal_pone_0057255.txt,1,52,2,1,crashes ,and ,"leukoaraiosis, ",a ,common ,magnetic ,resonance ,imaging ,"finding, ",was ,investigated ,in ,this ,study. ,Methods: ,A ,total ,"of 3,930 ",automobile ,"drivers (2,037 "
145,79,17,_10_1371_journal_pone_0087482.txt,1,52,1,1,safety ,intervention ,program (,IMESEVI) ,funded ,by ,the ,Bloomberg ,Philanthropies ,was ,launched ,in ,Mexico. ,Two ,years ,later ,"in 2010, ",IMESEVI ,was ,refocused 
113,93,115,_10_1371_journal_pone_0091942.txt,1,52,1,1,and ,analyzed ,in ,the ,laboratory. ,The ,quantification ,of ,FCM ,was ,performed ,by ,a 5,α-,pregnane-3,"β,11","β, 21-",triol-20-,one ,enzyme 
109,75,122,_10_1371_journal_pone_0086742.txt,1,52,1,1,of ,residence. ,Conditional ,logistic ,regression ,analysis ,for ,injurious ,RTC ,was ,performed ,with ,adjustment ,for ,occupation ,and ,number ,of ,medications. ,The 
236,54,100,_10_1371_journal_pone_0077294.txt,1,52,1,1,verbalization ,and ,avoidance ,of ,static ,obstacles. ,Eye-,scanning ,behavior ,was ,recorded ,with ,an ,eye-,tracker. ,Results ,showed ,no ,statistically ,significant 
281,35,167,_10_1371_journal_pone_0069254.txt,1,52,1,1,be ,an ,improvement; ,"consequently, ",they ,were ,frustrated ,that ,it ,was ,differentiated ,from ,and ,not ,coherent ,with ,the ,regular ,system. ,In 
262,68,42,_10_1371_journal_pone_0082640.txt,1,52,1,1,city ,of ,China. ,Methods: ,A ,population-,based ,descriptive ,study ,was ,carried ,out ,between 2007 ,and 2010 ,with ,RTI ,patient ,records ,from ,the 
371,53,223,_10_1371_journal_pone_0077026.txt,1,52,1,1,from ,the ,Hardy–,Weinberg ,equilibrium ,but ,no ,such ,deviation ,was ,found ,in ,birds ,from ,rural ,sites. ,Conclusion: ,We ,"cannot, ","therefore, "
324,62,161,_10_1371_journal_pone_0079967.txt,1,52,1,1,model ,indicated ,that ,independent ,variation ,in ,tawny ,owl ,roadkills ,was ,explained ,primarily ,by ,the ,roadkill ,index (70.5%) ,"and, ",to ,a ,much 
234,23,121,_10_1371_journal_pone_0064782.txt,1,52,1,1,same ,time ,the ,participant ,reported ,subjective ,sleepiness (,"KSS), ",EOG ,was ,recorded (,for ,calculation ,of ,blink ,duration) ,and ,several ,driving ,measure 
302,65,38,_10_1371_journal_pone_0080598.txt,1,52,1,1,and ,September 2008 ,a ,cross-,sectional ,health ,care ,utilization ,survey ,was ,conducted ,"and 8,715 ",caregivers ,were ,interviewed ,regarding ,their ,intended ,behavior ,in 
326,64,199,_10_1371_journal_pone_0080275.txt,1,52,1,1,the ,plants ,grew ,affected ,the ,probability ,that ,their ,seed ,was ,transported ,by ,cars. ,Seeds ,can ,be ,found ,in ,many ,different 
37,97,65,_10_1371_journal_pone_0093925.txt,1,52,1,1,of ,households ,located ,per ,road (,or ,lane) ,segment. ,LBHCS ,was ,used ,in ,community-,wide ,"biometric, ",mental ,"health, ",diarrheal ,"disease, ",and 
28,65,90,_10_1371_journal_pone_0080598.txt,1,52,1,1,for ,the ,four ,disease ,symptoms. ,A ,Poisson ,regression ,model ,was ,used ,to ,control ,for ,potential ,confounding. ,Frequency ,of ,hospital ,attendance 
54,26,100,_10_1371_journal_pone_0065092.txt,1,52,1,1,was ,irrelevant ,to ,choosing ,between ,lotteries. ,"Notwithstanding, ",when ,skill ,was ,related ,to ,determining ,lottery ,"entrants, ",participants ,who ,felt ,highly ,skillful 
32,76,76,_10_1371_journal_pone_0086888.txt,1,52,1,1,forces ,behind ,pondscape ,changes. ,The ,logistic ,stepwise ,regression ,model ,was ,used ,to ,develop ,a ,series ,of ,relationships ,between ,pondscapes ,affected 
352,86,131,_10_1371_journal_pone_0089381.txt,1,52,1,1,of ,a ,central ,target ,when ,a ,concurrent ,peripheral ,task ,was ,added (,UFOV ,divided ,and ,selective ,attention ,subtests). ,Participants ,drove ,in 
106,4,87,_10_1371_journal_pone_0057255.txt,1,52,1,1,various ,types ,of ,traffic ,crashes. ,Multiple ,logistic ,regression ,analysis ,was ,performed ,to ,elucidate ,the ,relationship ,between ,leukoaraiosis ,and ,various ,types 
20,28,123,_10_1371_journal_pone_0065198.txt,1,52,1,1,RTIs ,in ,the ,whole ,country. ,The ,Poisson ,regression ,model ,was ,used ,to ,estimate ,the ,changes ,in ,the ,frequency ,of ,events 
24,42,98,_10_1371_journal_pone_0071790.txt,1,52,1,1,to ,characterise ,socio-,economic ,patterning. ,The ,National ,Travel ,Survey (2002–2010) ,was ,used ,to ,examine ,correlations ,between ,commute ,modal ,share ,and ,modal 
22,35,53,_10_1371_journal_pone_0069254.txt,1,52,1,1,understood. ,We ,investigated ,how ,the ,Cambridgeshire ,Guided ,"Busway, ","UK, ",was ,used ,and ,experienced ,in ,the ,weeks ,following ,its ,"opening, ",using 
21,28,145,_10_1371_journal_pone_0065198.txt,1,52,1,1,adjusting ,for ,associated ,known ,risk ,factors. ,The ,"SARIMA (0, 1, 1)×(0, 1, 1)12 ",model ,was ,used ,for ,fitting ,to ,the ,time ,series ,of ,death ,rate. 
386,57,177,_10_1371_journal_pone_0077514.txt,1,52,1,1,at ,night. ,The ,local ,context ,in ,which ,females ,moved ,was ,shown ,to ,influence ,their ,decision ,to ,cross ,clearcut ,edges ,and 
264,60,114,_10_1371_journal_pone_0078586.txt,1,52,1,1,an ,epoxy-,based ,endodontic ,sealer. ,The ,novel ,endodontic ,sealer ,was ,tested ,for ,its ,antimicrobial ,efficacy ,and ,evaluated ,for ,biocompatibility ,and 
223,62,108,_10_1371_journal_pone_0079967.txt,1,52,1,1,Maxent ,distribution ,model ,to ,estimate ,habitat ,suitability. ,Landscape ,connectivity ,was ,estimated ,from ,least-,cost ,paths ,between ,tawny ,owl ,"territories, ",using 
317,84,214,_10_1371_journal_pone_0088463.txt,1,52,1,1,yields ,and ,out-,migration ,of ,the ,work ,force. ,This ,was ,combined ,with ,low ,adaptation ,capacity ,as ,evidenced ,by ,poor ,post 
111,79,88,_10_1371_journal_pone_0087482.txt,1,52,1,1,series ,analysis ,using ,autoregressive ,integrated ,moving ,average (,ARIMA) ,modeling ,was ,performed ,using ,monthly ,data ,of ,rates ,of ,RT ,crashes ,and 
201,90,181,_10_1371_journal_pone_0091058.txt,1,52,1,1,canal ,flare ,index (,DCFI) ,were ,found ,between ,"genders, ",it ,was ,concluded ,the ,most ,significant ,differences ,lay ,in ,the ,isthmus ,of 
304,51,111,_10_1371_journal_pone_0075424.txt,1,52,1,1,multivariable ,model ,using ,purposeful ,selection ,of ,variables. ,The ,analysis ,was ,repeated ,using ,multiple ,logistic ,regression ,with ,passing ,distance ,dichotomised ,by 
110,78,186,_10_1371_journal_pone_0087470.txt,1,52,1,1,movements ,and ,an ,additional ,evaluation ,of ,head ,and ,shoulder ,was ,performed. ,Six ,out ,of ,ten ,HP ,and ,four ,out ,of 
213,76,124,_10_1371_journal_pone_0086888.txt,1,52,1,1,canals). ,The ,authors ,concluded ,that ,the ,loss ,of ,ponds ,was ,caused ,by ,pond ,intrinsic ,"factors, ",such ,as ,pond ,perimeter; ,a 
254,41,221,_10_1371_journal_pone_0071476.txt,1,52,1,1,and ,cold ,weather ,delayed ,the ,"onset, ",but ,cloud ,cover ,was ,assumed ,to ,reflect ,night ,light ,"emissions, ","thus, ",amplified ,sky ,luminance 
25,50,36,_10_1371_journal_pone_0075308.txt,1,52,1,1,to ,external ,radiation ,dose. ,A ,geographical ,information ,system (,GIS) ,was ,used ,to ,relate ,the ,predicted ,external ,dose ,in ,the ,affected 
282,36,109,_10_1371_journal_pone_0069258.txt,1,52,1,1,not ,discount ,it ,by ,the ,ease ,with ,which ,it ,was ,achieved. ,These ,results ,clarify ,our ,understanding ,of ,the ,correspondence ,bias 
132,28,99,_10_1371_journal_pone_0065198.txt,1,52,1,1,Health ,"covering 146, 269 ",deaths ,due ,to ,traffic ,injuries ,between 2004 ,and 2011 ,was ,analyzed. ,The ,time ,series ,method ,was ,carried ,out ,to ,determine 
261,28,105,_10_1371_journal_pone_0065198.txt,1,52,1,1,injuries ,between 2004 ,and 2011 ,was ,analyzed. ,The ,time ,series ,method ,was ,carried ,out ,to ,determine ,the ,death ,trends ,of ,RTIs ,in 
117,28,197,_10_1371_journal_pone_0065198.txt,1,52,1,1,"per 10,000 ",vehicles ,from 2004 ,to 2011 ,respectively. ,"However, ",the ,mortality ,rate ,was ,increased ,from 51 ,to 65 ,cases ,per 1000 ,accidents ,from 2004 ,to ,March 2011 ,respectively. 
210,63,75,_10_1371_journal_pone_0080178.txt,1,52,1,1,must ,be ,carefully ,evaluated. ,A ,bipartite ,URT ,usage ,network ,was ,developed ,and ,used ,to ,determine ,the ,inherent ,connections ,between ,urban 
74,4,75,_10_1371_journal_pone_0057255.txt,1,52,1,1,traffic ,questionnaire ,were ,examined ,to ,determine ,whether ,asymptomatic ,leukoaraiosis ,was ,associated ,with ,various ,types ,of ,traffic ,crashes. ,Multiple ,logistic ,regression 
98,3,38,_10_1371_journal_pone_0055957.txt,1,43,5,1,how ,the ,goals ,and ,needs ,of ,a ,protest ,movement ,are ,reflected ,in ,the ,geographic ,patterns ,of ,its ,communication ,"network, ",and 
351,85,176,_10_1371_journal_pone_0088914.txt,1,43,5,1,The ,results ,indicate ,the ,landscape ,in ,which ,the ,facilities ,are ,placed ,affects ,the ,levels ,of ,land ,transformation ,associated ,with ,wind 
62,43,109,_10_1371_journal_pone_0072129.txt,1,43,5,1,passengers ,with ,travel-,acquired ,dengue ,infections. ,Two ,risk ,attributes ,are ,evaluated: (,i) ,the ,risk ,posed ,by ,through ,traffic ,at ,each 
175,13,32,_10_1371_journal_pone_0061876.txt,1,43,5,1,has ,precedence. ,The ,vehicle ,dynamics ,far ,from ,the ,crossing ,are ,governed ,by ,the ,rules ,introduced ,by ,Nagel ,and ,"Paczuski, ",which 
222,58,76,_10_1371_journal_pone_0077718.txt,1,43,5,1,estimated ,commute ,travel ,time. ,The ,measures ,of ,network ,structure ,are ,estimated ,using ,the ,street ,network ,along ,the ,identified ,commute ,route. 
216,41,7,_10_1371_journal_pone_0071476.txt,1,43,2,1,of ,injured ,"elephants. 
","
",Organisms ,living ,in ,urban ,environments ,are ,exposed ,to ,different ,environmental ,conditions ,compared ,to ,their ,rural ,conspecifics. 
91,77,173,_10_1371_journal_pone_0087244.txt,1,43,2,1,identified ,five ,different ,"patterns, ",demonstrating ,that ,specific ,environmental ,characteristics ,are ,associated ,with ,different ,types ,of ,fatal ,crashes. ,Patterns 2 ,and 4 ,are 
172,11,37,_10_1371_journal_pone_0060590.txt,1,43,2,1,at ,which ,distinct ,behaviors ,related ,to ,reproduction ,and ,survival ,are ,impacted ,by ,human ,interference. ,Here ,we ,provide ,a ,novel ,approach 
126,93,226,_10_1371_journal_pone_0091942.txt,1,43,2,1,wild ,wood ,mice ,populations. ,Understanding ,how ,free-,living ,animals ,are ,influenced ,by ,human ,interventions ,could ,help ,to ,understand ,other ,subtle 
3,28,254,_10_1371_journal_pone_0065198.txt,1,43,1,1,education ,courses ,for ,drivers ,and ,providing ,optimal ,healthcare ,services ,are ,"recommended.

","
",Habitat ,selection ,studies ,generally ,assume ,that ,animals ,select 
144,54,212,_10_1371_journal_pone_0077294.txt,1,43,1,1,Limitations ,of ,the ,"study, ",such ,as ,small ,sample ,"size, ",are ,"discussed.
			
",Background: ,Health ,care ,"depends, ",in ,"part, ",on ,the ,ability 
387,9,281,_10_1371_journal_pone_0058978.txt,1,43,1,1,use ,of ,warm-,water ,springs ,as ,power ,plant ,outfalls ,are ,shut ,"down.
      
",Objective: ,To ,determine ,whether ,advocacy ,targeted ,at ,local 
256,63,157,_10_1371_journal_pone_0080178.txt,1,43,1,1,given ,segment ,into ,account. ,Two ,proof-,of-,concept ,cases ,are ,described ,here: ,Possible ,transfer ,of ,passenger ,flow ,to ,the ,road 
150,95,20,_10_1371_journal_pone_0092430.txt,1,43,1,1,due ,to ,multiple ,threats ,is ,"challenging, ",especially ,when ,there ,are ,limited ,resources. ,Recent ,studies ,offer ,insights ,into ,how ,costs ,and 
247,83,81,_10_1371_journal_pone_0088445.txt,1,43,1,1,conductive ,failure ,pattern) ,from ,complex ,network. ,The ,crucial ,pipes ,are ,identified ,eventually. ,The ,proposed ,methodology ,is ,illustrated ,by ,an ,example. 
355,93,23,_10_1371_journal_pone_0091942.txt,1,43,1,1,habitats ,and ,exert ,several ,effects ,on ,mammal ,populations. ,Motorways ,are ,recognized ,as ,a ,major ,cause ,of ,habitat ,fragmentation ,and ,degradation 
251,25,115,_10_1371_journal_pone_0064968.txt,1,43,1,1,and ,fields ,to ,reproduce ,the ,processes ,in ,which ,forests ,are ,converted ,into ,arable ,lands. ,For ,a ,selected ,level ,of ,habitat 
77,5,33,_10_1371_journal_pone_0057546.txt,1,43,1,1,publications. ,"However, ",little ,is ,known ,about ,what ,network ,properties ,are ,associated ,with ,authors ,who ,have ,increased ,number ,of ,joint ,publications 
344,77,183,_10_1371_journal_pone_0087244.txt,1,43,1,1,associated ,with ,different ,types ,of ,fatal ,crashes. ,Patterns 2 ,and 4 ,are ,constituted ,mainly ,by ,predominantly ,urban ,characteristics ,and ,have ,frequent ,fatal 
122,20,118,_10_1371_journal_pone_0064317.txt,1,43,1,1,"characteristics, ",city ,"population, ",and ,local ,area ,GDP ,amongst ,others ,are ,utilized ,as ,covariates ,in ,a ,spatial ,interaction ,framework ,to ,predict 
73,2,15,_10_1371_journal_pone_0055638.txt,1,43,1,1,conditions ,linked ,with ,low ,levels ,of ,physical ,activity (,PA) ,are ,associated ,with ,deprivation. ,One ,reason ,for ,this ,could ,be ,that 
171,89,241,_10_1371_journal_pone_0090835.txt,1,43,1,1,with ,increased ,risk ,of ,severe ,injury. ,Further ,prospective ,studies ,are ,"needed, ",with ,detailed ,assessment ,of ,motor ,vehicle ,types ,and ,"speed. 
"
346,82,21,_10_1371_journal_pone_0087986.txt,1,43,1,1,of ,complex ,networks ,modelling; ,in ,"particular, ",self-,healing ,capabilities ,are ,implemented ,through ,distributed ,communication ,protocols ,that ,exploit ,redundant ,links ,to 
142,72,111,_10_1371_journal_pone_0085557.txt,1,43,1,1,to ,develop ,necessary ,image-,processing ,algorithms. ,The ,pathways ,extracted ,are ,expected ,to ,facilitate ,the ,structural ,analysis ,of ,the ,"colonies, ",namely 
50,18,71,_10_1371_journal_pone_0064128.txt,1,43,1,1,inflammatory ,brain ,responses ,with ,altered ,neuronal ,glutamatergic ,functions. ,nPMs ,are ,collected ,continuously ,for ,one ,month ,from ,a ,local ,freeway ,and 
301,58,90,_10_1371_journal_pone_0077718.txt,1,43,1,1,network ,along ,the ,identified ,commute ,route. ,T-,test ,comparisons ,are ,conducted ,to ,identify ,statistically ,significant ,differences ,in ,estimated ,network ,measures 
143,87,22,_10_1371_journal_pone_0089664.txt,1,43,1,1,cold-,climate ,mountain ,"ecosystems, ",where ,road ,building ,and ,development ,are ,expected ,to ,increase ,in ,future ,decades. ,Knowledge ,of ,the ,sensitivity 
95,89,230,_10_1371_journal_pone_0090835.txt,1,43,1,1,patients ,with ,zebra ,crosswalk ,accidents. ,Accidents ,involving ,large ,vehicles ,are ,associated ,with ,increased ,risk ,of ,severe ,injury. ,Further ,prospective ,studies 
321,64,136,_10_1371_journal_pone_0080275.txt,1,43,1,1,weeds/,invaders ,in ,South ,Africa. ,One ,hundred ,and ,one ,are ,classified ,as ,internationally ,important ,environmental ,weeds. ,Although ,most (487) ,were ,only 
329,64,125,_10_1371_journal_pone_0080275.txt,1,43,1,1,species ,in ,"India, 77 ",are ,invasive ,species ,in ,China ,and 23 ,are ,declared ,weeds/,invaders ,in ,South ,Africa. ,One ,hundred ,and ,one 
148,24,4,_10_1371_journal_pone_0064852.txt,1,43,1,1,driving ,behaviour ,or ,driver ,behavioural ,"signs.

","
",When ,data ,are ,limited ,it ,is ,difficult ,for ,conservation ,managers ,to ,assess ,alternative 
258,71,39,_10_1371_journal_pone_0085470.txt,1,43,1,1,high ,diversity ,of ,organisms ,in ,tropical ,forest ,canopies ,and ,are ,considered ,a ,keystone ,resource. ,A ,number ,of ,amphibians ,inhabit ,these 
287,40,12,_10_1371_journal_pone_0071179.txt,1,43,1,1,few ,studies ,have ,ever ,focused ,on ,the ,elephants ,that ,are ,wounded ,or ,killed ,as ,local ,communities ,attempt ,to ,scare ,these 
316,60,164,_10_1371_journal_pone_0078586.txt,1,43,1,1,mitigating ,a ,possible ,toxic ,effect. ,"Moreover, ",adequate ,physical ,properties ,are ,maintained. ,The ,nanosized ,quaternary ,amine ,particles ,interact ,within ,minutes ,with 
330,64,176,_10_1371_journal_pone_0080275.txt,1,43,1,1,to ,be ,favoured ,over ,annual ,graminoids ,while ,annual ,forbs ,are ,favoured ,over ,perennial ,forbs. ,Species ,characteristics ,including ,seed ,size ,and 
161,61,149,_10_1371_journal_pone_0079396.txt,1,43,1,1,the ,"results, ",recommendations ,for ,dynamic ,pricing ,and ,incentive ,schemes ,are ,provided ,to ,positively ,influence ,mobility ,patterns ,and ,guide ,improved ,planning 
328,64,108,_10_1371_journal_pone_0080275.txt,1,43,1,1,European ,"countries, 248 ",are ,invasive/,noxious ,weeds ,in ,North ,"America, 370 ",are ,naturalized ,alien ,species ,in ,"Australia, 167 ",are ,alien ,species ,in ,"India, 77 "
83,31,260,_10_1371_journal_pone_0067575.txt,1,43,1,1,car ,"parking, ",street ,connectivity ,and ,access ,to ,public ,"transport, ",are ,associated ,with ,travel ,mode ,"choice, ",and ,could ,be ,addressed ,as 
320,58,55,_10_1371_journal_pone_0077718.txt,1,43,1,1,and ,St. ,Paul) ,is ,used ,for ,the ,analysis. ,Travelers ,are ,classified ,into ,two ,groups ,based ,on ,the ,ratio ,of ,perceived 
221,50,160,_10_1371_journal_pone_0075308.txt,1,43,1,1,the ,costs ,of ,decontamination ,per ,person ,per ,unit ,area ,are ,estimated ,to ,vary ,greatly. ,Appropriate ,selection ,of ,decontamination ,methods ,may 
327,64,77,_10_1371_journal_pone_0080275.txt,1,43,1,1,seed ,that ,can ,be ,dispersed ,by ,cars. ,Of ,"these, 599 ",are ,listed ,as ,weeds ,in ,some ,part ,of ,the ,"world, ",with 439 
180,99,27,_10_1371_journal_pone_0094414.txt,1,43,1,1,nodes ,are ,"airports, ","sectors, ",or ,navigation ,points ,and ,links ,are ,defined ,and ,weighted ,according ,to ,the ,traffic ,of ,flights ,between 
36,93,245,_10_1371_journal_pone_0091942.txt,1,43,1,1,subtle ,changes ,observed ,in ,wild ,animal ,populations. ,Since ,mice ,are ,used ,world-,wide ,as ,research ,models ,these ,results ,could ,open 
294,44,32,_10_1371_journal_pone_0072984.txt,1,41,7,1,sites. ,The ,Breckland ,area ,of ,eastern ,England (,the ,Brecks) ,is ,designated ,as ,a ,Special ,Protection ,Area ,for ,a ,number ,of 
125,62,35,_10_1371_journal_pone_0079967.txt,1,41,7,1,studies ,examined ,the ,idea ,that ,spatial ,variation ,in ,roadkills ,is ,influenced ,by ,a ,complex ,interplay ,between ,road-,related ,"factors, ",and 
209,17,77,_10_1371_journal_pone_0063503.txt,1,41,7,1,movements. ,In ,this ,"paper, ",a ,queuing ,based ,analytical ,model ,is ,developed ,as ,a ,function ,of ,relevant ,determinants ,and ,functional ,factors 
38,13,104,_10_1371_journal_pone_0061876.txt,1,41,7,1,do ,not ,obey ,the ,rule ,of ,precedence. ,This ,problem ,is ,treated ,within ,a ,game-,theory ,"framework, ",where ,the ,drivers ,that 
267,92,192,_10_1371_journal_pone_0091833.txt,1,41,7,1,the ,Australian ,southern ,rock ,lobster ,Jasus ,edwardsii ,"fishery, ",which ,is ,challenged ,by ,a ,number ,of ,climate ,change ,drivers ,such ,as 
2,0,10,_10_1371_journal_pone_0053755.txt,1,41,7,1,"
        ",Vector ,"control, ",including ,the ,use ,of ,bed ,"nets, ",is ,recommended ,as ,a ,possible ,strategy ,for ,eliminating ,lymphatic ,filariasis (,LF) 
206,16,140,_10_1371_journal_pone_0063385.txt,1,41,7,1,within ,the ,bag-,of-,feature ,framework. ,The ,proposed ,method ,is ,verified ,on ,a ,variety ,of ,image ,categorization ,tasks ,including ,outdoor 
26,58,49,_10_1371_journal_pone_0077718.txt,1,41,7,1,which ,includes ,the ,cities ,of ,Minneapolis ,and ,St. ,Paul) ,is ,used ,for ,the ,analysis. ,Travelers ,are ,classified ,into ,two ,groups 
283,37,141,_10_1371_journal_pone_0069469.txt,1,41,7,1,predicted ,with ,a ,striking ,level ,of ,accuracy. ,This ,observation ,is ,confirmed ,by ,the ,analytical ,calculation ,of ,key ,topological ,properties ,of 
285,61,77,_10_1371_journal_pone_0079396.txt,1,41,7,1,public ,bicycle ,share ,systems ,in ,the ,USA. ,User ,mobility ,is ,characterized ,through ,the ,distribution ,of ,trip ,"durations, ",while ,network ,topology 
68,21,177,_10_1371_journal_pone_0064582.txt,1,41,7,1,freedom ,of ,choice ,and ,action). ,Since ,the ,conceptual ,framework ,is ,based ,on ,the ,generalizable ,MA ,"framework, ",our ,methods ,should ,also 
203,16,84,_10_1371_journal_pone_0063385.txt,1,41,7,1,to ,a ,generative ,probabilistic ,model. ,"Meanwhile, ",a ,discriminative ,functionality ,is ,incorporated ,into ,the ,model ,to ,interpret ,the ,differences ,among ,all 
286,61,88,_10_1371_journal_pone_0079396.txt,1,41,7,1,through ,the ,distribution ,of ,trip ,"durations, ",while ,network ,topology ,is ,characterized ,through ,the ,pairwise ,distances ,between ,stations ,and ,the ,popularity 
379,11,22,_10_1371_journal_pone_0060590.txt,1,41,7,1,affect ,both ,ecological ,function ,and ,conservation ,planning. ,Yet ,little ,is ,known ,regarding ,the ,spatial ,scale ,at ,which ,distinct ,behaviors ,related 
364,17,152,_10_1371_journal_pone_0063503.txt,1,41,4,1,of ,pedestrian ,facilities. ,The ,model ,is ,empirically ,validated ,and ,is ,found ,to ,be ,a ,robust ,tool ,to ,understand ,how ,well 
259,84,5,_10_1371_journal_pone_0088463.txt,1,41,4,1,its ,ability ,of ,resisting ,"disasters.

","
",The ,Mesoamerican ,region ,is ,considered ,to ,be ,one ,of ,the ,areas ,in ,the ,world 
182,33,234,_10_1371_journal_pone_0068326.txt,1,41,4,1,as ,the ,default ,interpretation ,when ,the ,gaze ,position ,distribution ,is ,observed ,to ,be ,situated ,in ,the ,region ,of ,the ,curve 
260,88,5,_10_1371_journal_pone_0090235.txt,1,41,4,1,the ,alpine ,and ,subarctic ,"environment.

","
",Exposure ,to ,antibiotics ,is ,considered ,to ,be ,the ,major ,driver ,in ,the ,selection ,of 
204,16,102,_10_1371_journal_pone_0063385.txt,1,41,2,1,among ,all ,kinds ,of ,images. ,The ,whole ,Bayesian ,formulation ,is ,solved ,in ,an ,Expectation-,Maximization ,paradigm. ,After ,finding ,those ,discriminative 
348,83,87,_10_1371_journal_pone_0088445.txt,1,41,2,1,The ,crucial ,pipes ,are ,identified ,eventually. ,The ,proposed ,methodology ,is ,illustrated ,by ,an ,example. ,The ,results ,show ,that ,the ,demand 
186,66,158,_10_1371_journal_pone_0081153.txt,1,41,1,1,greatest ,variations ,between 2,PM ,and 6,PM. ,A ,similar ,trend ,is ,observed ,between 10,AM ,and ,midnight ,on ,rainy ,"days, ",with ,people'
168,34,206,_10_1371_journal_pone_0068636.txt,1,41,1,1,law ,enforcement ,focusing ,especially ,on ,car/,booster ,seat ,use ,is ,"needed. 
","
",An ,increase ,in ,public ,transport ,use ,has ,the 
181,13,170,_10_1371_journal_pone_0061876.txt,1,41,1,1,minimizes ,the ,number ,of ,accidents. ,A ,rather ,paradoxical ,effect ,is ,observed: ,for ,any ,percentage ,of ,defectors ,the ,number ,of ,accidents 
359,97,45,_10_1371_journal_pone_0093925.txt,1,41,1,1,identifiers ,and ,as ,walking ,directions; ,when ,an ,entire ,community ,is ,"enumerated, ",LBHCS ,codes ,can ,be ,used ,to ,identify ,the ,number 
199,92,5,_10_1371_journal_pone_0091833.txt,1,41,1,1,reduce ,their ,impacts ,on ,"biodiversity.

","
",A ,theoretical ,basis ,is ,required ,for ,comparing ,key ,features ,and ,critical ,elements ,in ,wild 
198,20,38,_10_1371_journal_pone_0064317.txt,1,41,1,1,"socioeconomic, ",environmental ,and ,epidemiological ,"implications, ",information ,on ,passenger ,flow ,is ,required. ,"However, ",comprehensive ,data ,on ,global ,passenger ,flow ,remain ,difficult 
177,13,80,_10_1371_journal_pone_0061876.txt,1,41,1,1,cars ,on ,the ,roadway. ,An ,additional ,set ,of ,rules ,is ,defined ,to ,describe ,the ,dynamics ,at ,the ,intersection ,assuming ,a 
124,5,181,_10_1371_journal_pone_0057546.txt,1,41,1,1,we ,examine ,how ,citation ,count ,of ,a ,scientific ,publication ,is ,influenced ,by ,different ,centrality ,measures ,of ,its ,co-,author(,s) 
169,79,226,_10_1371_journal_pone_0087482.txt,1,41,1,1,crashes ,in ,a ,middle-,income ,country ,setting. ,Further ,analysis ,is ,needed ,to ,differentiate ,the ,effects ,of ,various ,"interventions, ",and ,to 
363,37,34,_10_1371_journal_pone_0069469.txt,1,41,1,1,its ,street ,network ,during ,the ,last ,two ,centuries. ,This ,is ,done ,by ,employing ,a ,unique ,"dataset, ",consisting ,of ,the ,planar 
104,3,127,_10_1371_journal_pone_0055957.txt,1,41,1,1,"structure, ",in ,which ,the ,majority ,of ,non-,local ,attention ,is ,allocated ,to ,high-,profile ,locations ,such ,as ,New ,"York, ","California, "
380,12,34,_10_1371_journal_pone_0061460.txt,1,41,1,1,positive ,and ,negative ,effects ,on ,city ,"performance, ",yet ,little ,is ,known ,about ,how ,its ,character ,and ,magnitude ,vary ,across ,the 
207,35,33,_10_1371_journal_pone_0069254.txt,1,41,1,1,public ,transport ,systems. ,Yet ,how ,new ,public ,transport ,infrastructure ,is ,experienced ,and ,integrated (,or ,not) ,into ,daily ,practice ,is ,little 
65,83,63,_10_1371_journal_pone_0088445.txt,1,41,1,1,highest ,failure ,rate ,or ,highest ,"betweenness, ",reliability ,of ,WDS ,is ,evaluated ,by ,introducing ,hydraulic ,analysis ,and ,cascading ,failures (,conductive ,failure 
381,24,38,_10_1371_journal_pone_0064852.txt,1,41,1,1,edges ,of ,its ,distribution ,range ,in ,Europe ,and ,little ,is ,known ,about ,its ,current ,distribution ,and ,abundance ,in ,Poland. ,Although 
85,38,131,_10_1371_journal_pone_0069472.txt,1,41,1,1,with ,physical ,activity ,levels. ,Conclusions: ,Distance ,to ,nearest ,greenspace ,is ,associated ,with ,meeting ,recommended ,physical ,activity ,levels ,in ,deprived ,London 
147,8,39,_10_1371_journal_pone_0058650.txt,1,41,1,1,One ,recent ,method ,is ,the ,balanced ,scorecard ,system. ,There ,is ,limited ,application ,of ,this ,method ,in ,middle- ,and ,low-,income 
121,5,128,_10_1371_journal_pone_0057546.txt,1,41,1,1,citation ,count ,is ,the ,number ,of ,times ,an ,article ,is ,cited ,by ,other ,articles. ,We ,use ,co-,authorship ,dataset ,of 
86,50,145,_10_1371_journal_pone_0075308.txt,1,41,1,1,approximately 80% ,of ,the ,total ,decontamination ,"cost, ",of ,which ,approximately 60% ,is ,associated ,with ,storage. ,In ,"addition, ",the ,costs ,of ,decontamination ,per 
149,31,43,_10_1371_journal_pone_0067575.txt,1,41,1,1,are ,most ,important ,and ,might ,form ,targets ,for ,intervention ,is ,limited. ,This ,study ,investigated ,associations ,between ,mode ,choice ,and ,a 
378,5,27,_10_1371_journal_pone_0057546.txt,1,41,1,1,outcome ,of ,scientific ,collaborations ,and ,research ,publications. ,"However, ",little ,is ,known ,about ,what ,network ,properties ,are ,associated ,with ,authors ,who 
230,74,280,_10_1371_journal_pone_0086294.txt,1,12,2,1,concluded ,that ,bond ,strengths ,inside ,the ,root ,canal ,were ,not ,affected ,by ,the ,adhesive ,approach ,of ,the ,post-,and-,core-
227,40,187,_10_1371_journal_pone_0071179.txt,1,12,2,1,roads ,and ,farms; ,the ,distribution ,of ,injured ,elephants ,was ,not ,affected ,by ,the ,presence ,of ,either ,human ,settlements ,or ,water 
333,69,245,_10_1371_journal_pone_0082738.txt,1,12,1,1,food ,trade-,off ,strategy. ,Although ,grizzly ,bears ,are ,presently ,not ,hunted ,in ,"Alberta, ",their ,perceived ,risks ,associated ,with ,humans ,influence 
88,51,221,_10_1371_journal_pone_0075424.txt,1,12,1,1,re-,analysis ,of ,Walker',s ,"data, ",helmet ,wearing ,is ,not ,associated ,with ,close ,motor ,vehicle ,passing. ,The ,"results, ","however, ",highlight 
368,51,156,_10_1371_journal_pone_0075424.txt,1,12,1,1,significant ,association ,between ,passing ,distance ,and ,helmet ,wearing ,was ,not ,found ,when ,dichotomised ,by ,the ,one ,metre ,rule. ,Other ,factors 
312,53,199,_10_1371_journal_pone_0077026.txt,1,12,1,1,significant ,FST ,values ,between ,those ,from ,sites ,that ,were ,not ,separated ,by ,highways. ,"Secondly, ",birds ,from ,eleven ,urban ,sites ,had 
192,23,287,_10_1371_journal_pone_0064782.txt,1,12,1,1,sleepiness ,on ,a ,detailed ,level ,as 5 ,minutes ,is ,usually ,not ,detected; ,this ,holds ,true ,both ,when ,taking ,into ,account ,driving 
30,71,244,_10_1371_journal_pone_0085470.txt,1,12,1,1,rainforest ,habitat ,as ,an ,offshore ,system ,where ,roads ,are ,not ,"used, ",employ ,industry ,best ,practice ,"guidelines, ",and ,current ,access ,roads 
196,93,174,_10_1371_journal_pone_0091942.txt,1,12,1,1,higher ,FCM ,levels ,than ,individuals ,living ,where ,cattle ,were ,not ,detected. ,FCM ,levels ,were ,higher ,in ,non-,breeding ,individuals ,living 
128,7,34,_10_1371_journal_pone_0058402.txt,1,12,1,1,"vehicles, ",and ,products). ,"However, ",modeling ,such ,dynamic ,rates ,is ,not ,supported ,in ,modern ,Discrete ,Simulation ,System (,DES) ,software. ,We ,designed 
84,38,120,_10_1371_journal_pone_0069472.txt,1,12,1,1,odds ,ratio = 1.7). ,Other ,objectively ,measured ,neighbourhood-,level ,characteristics ,were ,not ,associated ,with ,physical ,activity ,levels. ,Conclusions: ,Distance ,to ,nearest ,greenspace 
214,18,197,_10_1371_journal_pone_0064128.txt,1,12,1,1,Stages 0 ,and 1. ,Neuron ,number ,after 24 ,hours ,of ,culture ,was ,not ,altered ,by ,prenatal ,nPM ,exposure. ,Addition ,of ,exogenous ,nPM (2 ,µg/
336,72,172,_10_1371_journal_pone_0085557.txt,1,10,4,1,immobilization. ,More ,than  ,of ,the ,canals ,were ,successfully ,detected ,and ,tracked ,by ,the ,image-,processing ,method ,developed. ,Thus ,obtained ,three-
139,93,106,_10_1371_journal_pone_0091942.txt,1,10,4,1,"traps, ",and ,fresh ,faecal ,samples ,from 424 ,individuals ,were ,collected ,and ,analyzed ,in ,the ,laboratory. ,The ,quantification ,of ,FCM ,was ,performed 
239,23,134,_10_1371_journal_pone_0064782.txt,1,10,4,1,of ,blink ,duration) ,and ,several ,driving ,measure ,were ,taken ,and ,synchronized ,with ,the ,reporting. ,Based ,on ,mixed ,model ,Anova ,and 
208,35,55,_10_1371_journal_pone_0069254.txt,1,10,4,1,investigated ,how ,the ,Cambridgeshire ,Guided ,"Busway, ","UK, ",was ,used ,and ,experienced ,in ,the ,weeks ,following ,its ,"opening, ",using ,the ,method 
167,10,249,_10_1371_journal_pone_0060158.txt,1,10,1,1,randomised ,controlled ,trial. ,The ,intervention ,package ,was ,positively ,viewed ,and ,raised ,interest ,but ,changes ,in ,interventions ,were ,not ,statistically ,significance. 
27,63,77,_10_1371_journal_pone_0080178.txt,1,10,1,1,carefully ,evaluated. ,A ,bipartite ,URT ,usage ,network ,was ,developed ,and ,used ,to ,determine ,the ,inherent ,connections ,between ,urban ,rail ,transits 
136,70,66,_10_1371_journal_pone_0083462.txt,1,10,1,1,soil ,samples ,from ,"Baoji, ",China ,were ,pretreated ,with ,acids ,and ,analyzed ,with ,four ,thermal/,optical ,protocols ,to ,investigate ,how ,analytical 
49,35,35,_10_1371_journal_pone_0069254.txt,1,10,1,1,systems. ,Yet ,how ,new ,public ,transport ,infrastructure ,is ,experienced ,and ,integrated (,or ,not) ,into ,daily ,practice ,is ,little ,understood. ,We 
103,90,105,_10_1371_journal_pone_0091058.txt,1,10,1,1,perform 3,D ,reconstruction. ,THA-,associated ,anatomical ,parameters ,were ,measured ,and ,compared ,with ,other ,published ,data. ,In ,comparison ,with ,published ,"data, "
296,99,29,_10_1371_journal_pone_0094414.txt,1,10,1,1,"airports, ","sectors, ",or ,navigation ,points ,and ,links ,are ,defined ,and ,weighted ,according ,to ,the ,traffic ,of ,flights ,between ,the ,nodes. 
42,5,239,_10_1371_journal_pone_0057546.txt,1,5,2,1,identify ,that ,citation ,count ,of ,a ,research ,article ,is ,positively ,correlated ,with ,the ,degree ,centrality ,and ,betweenness ,centrality ,values ,of 
43,5,272,_10_1371_journal_pone_0057546.txt,1,5,2,1,values ,of ,authors ,in ,a ,co-,authorship ,network ,are ,positively ,correlated ,with ,the ,strength ,of ,their ,scientific ,collaborations. ,Conclusions/,Significance: 
46,93,150,_10_1371_journal_pone_0091942.txt,1,5,1,1,higher ,in ,breeding ,females. ,In ,"addition, ",FCM ,levels ,were ,positively ,correlated ,with ,body ,weight ,of ,individuals. ,Wood ,mice ,captured ,where 
40,0,169,_10_1371_journal_pone_0053755.txt,1,5,1,1,rural ,clusters. ,In ,rural ,"clusters, ",ITN ,coverage/,density ,was ,positively ,correlated ,with ,population ,density (,"r = 0.25, 0.27 ","respectively, ","p<0.01), ",and ,negatively ,with 
166,10,247,_10_1371_journal_pone_0060158.txt,1,5,1,1,in ,a ,randomised ,controlled ,trial. ,The ,intervention ,package ,was ,positively ,viewed ,and ,raised ,interest ,but ,changes ,in ,interventions ,were ,not 
184,40,148,_10_1371_journal_pone_0071179.txt,1,4,1,1,observed ,in ,the ,case ,of ,passive ,injuries. ,Bias ,was ,also ,observed ,in ,elephant ,sex ,since ,more ,males ,than ,females ,were 
63,52,47,_10_1371_journal_pone_0076108.txt,1,4,1,1,Proteins ,persisting ,or ,expressed ,after ,root ,canal ,treatment ,were ,also ,evaluated. ,"Finally, ",human ,proteins ,associated ,with ,these ,infections ,were ,identified. 
107,17,178,_10_1371_journal_pone_0063503.txt,1,4,1,1,comfort ,and ,convenient ,pedestrian ,movements. ,The ,sensitivity ,analysis ,is ,also ,performed ,to ,see ,the ,impact ,of ,some ,crucial ,parameters ,of 
191,14,198,_10_1371_journal_pone_0062712.txt,1,4,1,1,"ofloxacin, ","levofloxacin, ","oxytetracycline, ",trimethoprim ,and ,sulfamethoxazole ,respectively. ,ARGs ,were ,also ,detected ,at ,the ,sites ,and ,the ,highest ,levels ,of ,ARGs 
87,51,171,_10_1371_journal_pone_0075424.txt,1,4,1,1,one ,metre ,rule. ,Other ,factors ,were ,found ,to ,be ,significantly ,associated ,with ,close ,passing ,including ,cyclists' ,distance ,to ,the ,"kerb, "
229,74,223,_10_1371_journal_pone_0086294.txt,1,4,1,1,number ,of ,resin ,tags (,p = 0.02; ,ANOVA). ,Bond ,strength ,was ,significantly ,affected ,by ,core ,material (,"p = 0.001), ",location ,inside ,the ,root ,canal (
75,4,190,_10_1371_journal_pone_0057255.txt,1,4,1,1,with ,large ,multiple ,subcortical ,leukoaraiosis. ,Periventricular ,leukoaraiosis ,was ,not ,significantly ,associated ,with ,crossroad ,crashes. ,Involvement ,in ,crashes ,of ,any ,"type, "
76,4,227,_10_1371_journal_pone_0057255.txt,1,4,1,1,Conclusions: ,Multiple ,subcortical ,"leukoaraiosis, ",but ,not ,periventricular ,"leukoaraiosis, ",is ,significantly ,associated ,with ,traffic ,"crashes, ",in ,"particular, ",crossroad ,crashes. ,This ,association 
350,84,144,_10_1371_journal_pone_0088463.txt,1,4,1,1,with 558 ,coffee ,producers. ,"Exposure, ",sensitivity ,and ,adaptive ,capacity ,were ,then ,condensed ,into ,an ,index ,of ,"vulnerability, ",and ,adaptation ,strategies ,were 
16,2,102,_10_1371_journal_pone_0055638.txt,1,4,1,1,"of 10, 20 ",and 30 ,minutes. ,Multilevel ,negative ,binomial ,regression ,models ,were ,then ,used ,to ,investigate ,the ,distribution ,of ,the ,number ,of ,accessible 
360,20,171,_10_1371_journal_pone_0064317.txt,1,4,1,1,effects ,on ,"origin, ",destination ,and ,the ,airport ,hierarchy ,was ,then ,built ,to ,predict ,passenger ,flows ,on ,the ,"network, ",and ,compared 
134,58,118,_10_1371_journal_pone_0077718.txt,1,4,1,1,of ,these ,estimated ,network ,measures ,on ,travel ,time ,is ,then ,analyzed ,using ,regression ,models. ,The ,results ,from ,the ,t-,test 
118,89,185,_10_1371_journal_pone_0090835.txt,1,4,3,2,"OR 0.61, 95% ","CI 0.38–0.98, ",p<0.042). ,Accidents ,involving ,a ,truck ,were ,associated ,with ,increased ,risk ,of ,severe ,injury (,"OR 3.53, 95%","CI 1.21–10.26, ",p<0.02). ,Conclusion: ,Accidents 
119,89,232,_10_1371_journal_pone_0090835.txt,1,4,3,2,zebra ,crosswalk ,accidents. ,Accidents ,involving ,large ,vehicles ,are ,associated ,with ,increased ,risk ,of ,severe ,injury. ,Further ,prospective ,studies ,are ,"needed, "
127,89,243,_10_1371_journal_pone_0090835.txt,1,4,3,1,risk ,of ,severe ,injury. ,Further ,prospective ,studies ,are ,"needed, ",with ,detailed ,assessment ,of ,motor ,vehicle ,types ,and ,"speed. 
","
",Close 
162,10,48,_10_1371_journal_pone_0060158.txt,1,4,1,1,elected ,local ,politicians. ,Interventions: ,Intervention ,group ,politicians ,were ,provided ,with ,tailored ,information ,"packs, ",including ,maps ,of ,casualty ,"sites, ",numbers ,injured 
120,5,46,_10_1371_journal_pone_0057546.txt,1,3,1,1,who ,have ,increased ,number ,of ,joint ,publications ,and ,are ,being ,cited ,highly. ,Methodology/,Principal ,Findings: ,Measures ,of ,social ,network ,"analysis, "
8,33,104,_10_1371_journal_pone_0068326.txt,1,3,1,1,on ,the ,road ,"surface, ",or ,several ,reference ,"points, ",are ,being ,targeted ,in ,addition ,"to, ",or ,instead ,"of, ",the ,tangent ,point. 
255,27,48,_10_1371_journal_pone_0065137.txt,1,3,1,1,show ,of ,respect ,necessitates ,some ,contrasting ,disrespect ,that ,is ,being ,restored. ,Using ,civic ,virtues (,such ,as ,helping ,behavior) ,as ,a 
90,76,157,_10_1371_journal_pone_0086888.txt,1,3,1,1,of ,creating ,new ,ponds. ,"However, ",a ,large ,perimeter ,is ,closely ,associated ,with ,circular ,shapes (,lower ,value ,of ,the ,mean ,pond-
60,98,25,_10_1371_journal_pone_0094351.txt,1,3,1,1,diverse ,fascinating ,non-,equilibrium ,"phenomena, ",most ,of ,which ,are ,closely ,related ,to ,traffic ,flow ,stability ,and ,specifically ,the ,growth/,dissipation 
72,41,26,_10_1371_journal_pone_0071476.txt,1,3,1,1,conspecifics. ,Especially ,anthropogenic ,noise ,and ,artificial ,night ,light ,are ,closely ,linked ,to ,urbanization ,and ,pose ,new ,challenges ,to ,urban ,species. 
41,0,197,_10_1371_journal_pone_0053755.txt,1,3,1,1,or ,Lubumbashi (,"r = −0.28, −0.30 ","respectively, ",p<0.0001). ,"Further, ",ownership ,was ,significantly ,negatively ,correlated ,with ,distance ,to ,primary ,national ,roads ,and ,railways (,all 
44,8,216,_10_1371_journal_pone_0058650.txt,1,3,1,1,model ,showed ,that ,children',s ,clinical ,observation ,scores ,were ,negatively ,correlated ,with ,drug ,availability (,"coeff −0.40, ",p = 0.02). ,Adult ,clinical ,observation ,scores 
55,40,172,_10_1371_journal_pone_0071179.txt,1,3,1,1,Cases ,of ,passive ,and ,active ,injuries ,in ,elephants ,were ,negatively ,related ,to ,the ,proximity ,to ,roads ,and ,farms; ,the ,distribution 
241,50,40,_10_1371_journal_pone_0075308.txt,1,3,1,1,A ,geographical ,information ,system (,GIS) ,was ,used ,to ,relate ,the ,predicted ,external ,dose ,in ,the ,affected ,areas ,to ,the ,number 
361,50,11,_10_1371_journal_pone_0075308.txt,1,3,1,1,The ,objective ,of ,the ,present ,study ,is ,to ,evaluate ,the ,cost ,and ,effectiveness ,of ,decontamination ,strategies ,in ,the ,special ,decontamination 
146,8,34,_10_1371_journal_pone_0058650.txt,1,3,1,1,monitoring ,using ,system-,wide ,approaches. ,One ,recent ,method ,is ,the ,balanced ,scorecard ,system. ,There ,is ,limited ,application ,of ,this ,method 
323,60,166,_10_1371_journal_pone_0078586.txt,1,2,1,1,possible ,toxic ,effect. ,"Moreover, ",adequate ,physical ,properties ,are ,maintained. ,The ,nanosized ,quaternary ,amine ,particles ,interact ,within ,minutes ,with ,"bacteria, ",triggering 
205,83,84,_10_1371_journal_pone_0088445.txt,1,2,1,1,from ,complex ,network. ,The ,crucial ,pipes ,are ,identified ,eventually. ,The ,proposed ,methodology ,is ,illustrated ,by ,an ,example. ,The ,results ,show 
163,40,161,_10_1371_journal_pone_0071179.txt,1,2,1,1,sex ,since ,more ,males ,than ,females ,were ,passively ,and ,actively ,injured. ,Cases ,of ,passive ,and ,active ,injuries ,in ,elephants ,were 
164,40,203,_10_1371_journal_pone_0071179.txt,1,2,1,1,human ,settlements ,or ,water ,sources. ,Overall ,more ,elephants ,were ,actively ,injured ,during ,the ,dry ,season ,than ,the ,wet ,season ,as 
275,36,74,_10_1371_journal_pone_0069258.txt,1,2,1,1,candidates ,benefiting ,from ,favorable ,situations ,are ,more ,likely ,to ,be ,admitted ,and ,promoted ,than ,their ,equivalently ,skilled ,peers. ,The ,results 
273,33,237,_10_1371_journal_pone_0068326.txt,1,2,1,1,interpretation ,when ,the ,gaze ,position ,distribution ,is ,observed ,to ,be ,situated ,in ,the ,region ,of ,the ,curve ,"apex.
			
",Aim: ,To 
310,52,282,_10_1371_journal_pone_0076108.txt,1,2,1,1,the ,time ,of ,sampling. ,There ,is ,a ,growing ,need ,for ,expanded ,and ,more ,curated ,protein ,databases ,that ,permit ,more ,accurate 
271,32,144,_10_1371_journal_pone_0068258.txt,1,2,1,1,proposals. ,Results: 63.4% ,of ,the ,applications ,were ,funded. ,Bibliometric ,indicators ,for ,accepted ,proposals ,showed ,a ,better ,previous ,performance ,than ,for ,those 
358,96,92,_10_1371_journal_pone_0092459.txt,1,2,1,1,"Cr), ",in ,"particular, ",As ,and ,Cd ,were ,regarded ,as ,high ,polluted ,metals. ,While ,the ,results ,of ,extraction ,of ,TCLP ,were 
102,87,153,_10_1371_journal_pone_0089664.txt,1,2,1,1,communities. ,Less ,competitive ,and ,ruderal ,species ,were ,present ,at ,high ,compared ,with ,lower ,elevation ,roadsides. ,While ,the ,effects ,of ,roads 
219,32,195,_10_1371_journal_pone_0068258.txt,1,2,1,1,research ,proposals ,in ,most ,cases ,are ,the ,output (,number ,of ,published ,articles) ,and ,the ,number ,of ,papers ,published ,in ,journals 
279,34,145,_10_1371_journal_pone_0068636.txt,1,2,1,1,impact ,collision (32%). 32 (13%) ,of ,vehicle ,occupants ,were ,ejected ,from ,car. 63% ,of ,ejected ,occupants ,and 70% ,of ,motorcyclists ,sustained ,head ,injuries. ,Only 2% (3/170) ,vehicle 
322,59,82,_10_1371_journal_pone_0077943.txt,1,2,1,1,the ,sentence ,alone ,or ,in ,groups. ,This ,situation ,is ,often ,encountered ,by ,"humans, ",for ,instance ,at ,train ,stations ,or ,airports. 
253,27,6,_10_1371_journal_pone_0065137.txt,1,2,1,1,incorrect ,expectations ,regarding ,"others.

","
",Contrary ,to ,what ,is ,often ,"assumed, ",order ,is ,not ,the ,strongest ,context ,for ,encouraging ,normative 
277,72,217,_10_1371_journal_pone_0085557.txt,1,2,1,1,observed. ,Although ,most ,of ,them ,were ,"simple, ",i.,e. ,only ,followed ,the ,main ,branch ,or “,turned” ,into ,a ,secondary ,"branch, "
237,64,146,_10_1371_journal_pone_0080275.txt,1,2,1,1,classified ,as ,internationally ,important ,environmental ,weeds. ,Although ,most (487) ,were ,only ,recorded ,"once, ",some ,species ,such ,as ,Chenopodium ,"album, ",Poa ,pratensis 
158,40,14,_10_1371_journal_pone_0071179.txt,1,2,1,1,have ,ever ,focused ,on ,the ,elephants ,that ,are ,wounded ,or ,killed ,as ,local ,communities ,attempt ,to ,scare ,these ,animals ,away 
252,26,68,_10_1371_journal_pone_0065092.txt,1,2,1,1,Participants’ ,entry ,into ,the ,chosen ,lottery ,was ,either ,related ,or ,unrelated ,to ,their ,"skill, ",with ,the ,final ,prize ,allocated ,randomly 
116,93,163,_10_1371_journal_pone_0091942.txt,1,2,2,2,weight ,of ,individuals. ,Wood ,mice ,captured ,where ,cattle ,were ,present ,showed ,higher ,FCM ,levels ,than ,individuals ,living ,where ,cattle ,were 
385,93,163,_10_1371_journal_pone_0091942.txt,1,2,2,2,weight ,of ,individuals. ,Wood ,mice ,captured ,where ,cattle ,were ,present ,showed ,higher ,FCM ,levels ,than ,individuals ,living ,where ,cattle ,were 
81,31,158,_10_1371_journal_pone_0067575.txt,1,2,1,1,to ,work. ,In ,adjusted ,"analyses, ",home-,work ,distance ,was ,strongly ,associated ,with ,mode ,"choice, ",particularly ,for ,walking. ,Lower ,odds ,of 
78,12,5,_10_1371_journal_pone_0061460.txt,1,2,1,1,and ,mitigate ,human-,wildlife ,"conflict.
      
","
",Artificial ,lighting ,is ,strongly ,associated ,with ,urbanisation ,and ,is ,increasing ,in ,its ,"extent, ",brightness 
197,74,63,_10_1371_journal_pone_0086294.txt,1,2,1,1,posts ,luted ,with ,these ,materials ,are ,scarce. ,The ,present ,study ,aimed ,to ,analyze ,four ,different ,post-,and-,core-,systems ,with 
11,31,46,_10_1371_journal_pone_0067575.txt,1,2,1,1,and ,might ,form ,targets ,for ,intervention ,is ,limited. ,This ,study ,investigated ,associations ,between ,mode ,choice ,and ,a ,range ,of ,objectively 
292,72,143,_10_1371_journal_pone_0085557.txt,1,2,1,1,colony. ,Five ,volumetric ,images ,of ,Muricea ,muricata ,specimens ,were ,successfully ,acquired ,by ,X-,ray ,computed ,tomography ,with ,spatial ,resolution ,ranging 
195,72,170,_10_1371_journal_pone_0085557.txt,1,2,1,1,on ,specimen ,immobilization. ,More ,than  ,of ,the ,canals ,were ,successfully ,detected ,and ,tracked ,by ,the ,image-,processing ,method ,developed. ,Thus 
382,87,10,_10_1371_journal_pone_0089664.txt,1,2,1,1,"
",Effects ,of ,roads ,on ,plant ,communities ,are ,not ,well ,known ,in ,cold-,climate ,mountain ,"ecosystems, ",where ,road ,building ,and 
395,95,98,_10_1371_journal_pone_0092430.txt,1,2,1,1,actions. ,"Nonetheless, ",the ,implications ,of ,these ,impediments ,are ,not ,well ,"understood, ",especially ,for ,recovery ,planning ,involving ,multiple ,actions. ,We ,used 
129,85,113,_10_1371_journal_pone_0088914.txt,1,2,1,1,theoretic ,modeling ,approach ,indicated ,land ,cover ,and ,topography ,were ,well-,supported ,variables ,affecting ,land ,"transformation, ",but ,not ,turbine ,size ,or 
130,21,113,_10_1371_journal_pone_0064582.txt,1,2,1,1,suggest ,that ,our ,proposed ,index ,system ,of ,HWB ,is ,well-,"designed, ",valid ,and ,could ,be ,useful ,for ,better ,understanding ,the 
7,84,267,_10_1371_journal_pone_0088463.txt,1,1,1,1,to ,identify. ,Flexible ,strategies ,for ,adaption ,are ,therefore ,needed. ,Families ,need ,the ,support ,of ,government ,and ,institutions ,specialized ,in ,impacts 
318,55,87,_10_1371_journal_pone_0077343.txt,1,1,1,1,larger ,sample ,of ,teeth ,they ,were ,likely ,to ,encounter. ,Teeth ,contained ,holes ,and ,we ,asked ,the ,endodontists ,to ,cut ,cavities 
250,86,133,_10_1371_journal_pone_0089381.txt,1,1,1,1,central ,target ,when ,a ,concurrent ,peripheral ,task ,was ,added (,UFOV ,divided ,and ,selective ,attention ,subtests). ,Participants ,drove ,in ,a ,simulator 
13,35,45,_10_1371_journal_pone_0069254.txt,1,1,1,1,integrated (,or ,not) ,into ,daily ,practice ,is ,little ,understood. ,We ,investigated ,how ,the ,Cambridgeshire ,Guided ,"Busway, ","UK, ",was ,used ,and 
101,66,109,_10_1371_journal_pone_0081153.txt,1,1,1,1,very ,cold ,or ,when ,conditions ,are ,calm (,non-,windy). ,When ,compared ,to ,people',s ,regular ,activity ,"patterns, ",certain ,weather ,conditions 
151,8,82,_10_1371_journal_pone_0058650.txt,1,1,1,1,Health ,Outcome ,through ,Mentoring ,and ,Assessment (,BHOMA) ,project ,is ,a ,randomised ,step-,wedged ,community ,intervention ,that ,aims ,to ,strengthen ,the 
141,40,121,_10_1371_journal_pone_0071179.txt,1,1,1,1,of ,apparently ,unaffected ,animals. ,The ,observed ,active ,injuries ,were ,as ,expected ,biased ,by ,"age, ",with ,adults ,suffering ,more ,harm; ,on 
315,54,65,_10_1371_journal_pone_0077294.txt,1,1,1,1,of ,a ,two-,lane ,highway ,while ,their ,speed ,was ,automatically ,maintained ,at 100 ,km/,h. ,Additional ,tasks ,per ,session ,were: ,Session 1: 
71,86,92,_10_1371_journal_pone_0089381.txt,1,1,1,1,participated. ,Dynamic ,and ,static ,attention ,were ,evaluated ,with ,"brief, ",computer-,based ,MOT ,and ,UFOV ,"tasks, ",respectively. ,Dependent ,variables ,were ,the 
79,14,214,_10_1371_journal_pone_0062712.txt,1,1,1,1,highest ,levels ,of ,ARGs ,"detected, ",sulI ,and ,"dfrA1, ",were ,directly ,associated ,with ,the ,antibiotics ,detected ,at ,the ,highest ,"concentrations, ",sulfamethoxazole 
53,26,66,_10_1371_journal_pone_0065092.txt,1,1,1,1,the ,other. ,Participants’ ,entry ,into ,the ,chosen ,lottery ,was ,either ,related ,or ,unrelated ,to ,their ,"skill, ",with ,the ,final ,prize 
211,17,149,_10_1371_journal_pone_0063503.txt,1,1,1,1,designing ,and ,sizing ,of ,pedestrian ,facilities. ,The ,model ,is ,empirically ,validated ,and ,is ,found ,to ,be ,a ,robust ,tool ,to 
39,74,92,_10_1371_journal_pone_0086294.txt,1,1,1,1,rinse). ,Materials ,and ,Methods: ,Human ,anterior ,teeth (,n = 80) ,were ,endodontically ,treated ,and ,post ,space ,preparations ,and ,post ,placement ,were ,performed 
388,92,151,_10_1371_journal_pone_0091833.txt,1,1,1,1,supply ,chains ,based ,on ,whether ,there ,is ,a ,fairly ,even ,spread ,in ,the ,individual ,scores ,of ,the ,top ,few ,key 
288,40,122,_10_1371_journal_pone_0071179.txt,1,1,1,1,apparently ,unaffected ,animals. ,The ,observed ,active ,injuries ,were ,as ,expected ,biased ,by ,"age, ",with ,adults ,suffering ,more ,harm; ,on ,the 
89,60,34,_10_1371_journal_pone_0078586.txt,1,1,1,1,development ,of ,periradicular ,diseases ,and ,are ,the ,major ,causative ,factors ,associated ,with ,endodontic ,treatment ,failure. ,As ,quaternary ,ammonium ,compounds ,have 
284,39,31,_10_1371_journal_pone_0069829.txt,1,1,1,1,costs. ,Although ,the ,origin ,of ,such ,events ,is ,often ,geographically ,"confined, ",their ,impact ,reverberates ,through ,entire ,networks ,in ,ways ,that 
69,58,59,_10_1371_journal_pone_0077718.txt,1,1,1,1,used ,for ,the ,analysis. ,Travelers ,are ,classified ,into ,two ,groups ,based ,on ,the ,ratio ,of ,perceived ,and ,estimated ,commute ,travel 
6,52,280,_10_1371_journal_pone_0076108.txt,1,1,1,1,community ,at ,the ,time ,of ,sampling. ,There ,is ,a ,growing ,need ,for ,expanded ,and ,more ,curated ,protein ,databases ,that ,permit 
242,63,170,_10_1371_journal_pone_0080178.txt,1,1,1,1,transfer ,of ,passenger ,flow ,to ,the ,road ,network ,is ,here ,predicted ,in ,the ,cases ,of ,failures ,of ,two ,representative ,URT 
45,42,203,_10_1371_journal_pone_0071790.txt,1,1,1,1,commute ,modal ,share ,and ,total ,modal ,share ,were ,reasonably ,highly ,correlated ,for ,private ,motorised ,transport (,"r = 0.94), ",public ,transport (,"r = 0.96), ",walking (
35,92,36,_10_1371_journal_pone_0091833.txt,1,1,1,1,develop ,a ,new ,quantitative ,metric ,that ,is ,analogous ,to ,indices ,used ,to ,analyse ,food-,webs ,and ,identify ,key ,species. ,The 
362,62,111,_10_1371_journal_pone_0079967.txt,1,1,1,1,to ,estimate ,habitat ,suitability. ,Landscape ,connectivity ,was ,estimated ,from ,least-,cost ,paths ,between ,tawny ,owl ,"territories, ",using ,habitat ,suitability ,as 
174,11,161,_10_1371_journal_pone_0060590.txt,1,1,1,1,when ,they ,were ,communicating ,and ,denning. ,Female ,pumas ,were ,less ,deterred ,by ,human ,development ,than ,"males, ",but ,they ,showed ,larger 
58,55,154,_10_1371_journal_pone_0077343.txt,1,1,1,1,found ,that ,the ,size ,of ,cavity ,endodontists ,made ,was ,linearly ,related ,to ,the ,potency ,of ,the ,Delboeuf ,illusion (,p<.01) ,with 
393,35,43,_10_1371_journal_pone_0069254.txt,1,1,1,1,experienced ,and ,integrated (,or ,not) ,into ,daily ,practice ,is ,little ,understood. ,We ,investigated ,how ,the ,Cambridgeshire ,Guided ,"Busway, ","UK, ",was 
314,86,103,_10_1371_journal_pone_0089381.txt,1,1,1,1,MOT ,and ,UFOV ,"tasks, ",respectively. ,Dependent ,variables ,were ,the ,log ,speed ,threshold ,for 60% ,correct ,identification ,of ,targets (,MOT) ,and ,the 
377,73,114,_10_1371_journal_pone_0085725.txt,1,1,1,1,"logging, ",municipalities ,where 0–7% ,of ,the ,remaining ,forests ,were ,selectively ,logged ,had ,the ,highest ,malaria ,"risk (1.72, 95% ","CI 1.18–2.51), ",and ,areas ,with ,higher 
1,0,97,_10_1371_journal_pone_0053755.txt,1,1,1,1,Survey ,geo-,referenced ,cluster ,level ,data ,were ,used ,to ,map ,bed ,net ,coverage (,proportion ,of ,households ,with ,at ,least ,one 
4,38,134,_10_1371_journal_pone_0069472.txt,1,1,1,1,levels. ,Conclusions: ,Distance ,to ,nearest ,greenspace ,is ,associated ,with ,meeting ,recommended ,physical ,activity ,levels ,in ,deprived ,London ,neighbourhoods. ,Despite ,residual 
70,84,84,_10_1371_journal_pone_0088463.txt,1,1,1,1,for ,coffee ,and ,other ,crops ,were ,predicted ,through ,niche ,modelling ,based ,on ,historical ,climate ,data ,and ,locations ,of ,coffee ,growing 
231,87,65,_10_1371_journal_pone_0089664.txt,1,1,1,1,richness ,and ,"composition, ",including ,the ,plant ,strategies ,that ,are ,most ,"affected, ",along ,three ,elevational ,gradients ,in ,a ,subarctic ,mountain ,ecosystem. 
105,4,4,_10_1371_journal_pone_0057255.txt,1,1,1,1,collective ,purpose ,at ,the ,national ,"level.
      
",Background: ,There ,are ,no ,reported ,studies ,on ,the ,relationship ,between ,traffic ,crashes ,and ,brain 
232,23,12,_10_1371_journal_pone_0064782.txt,1,1,1,1,aim ,of ,the ,present ,study ,was ,to ,explore ,if ,observer ,rated ,sleepiness (,ORS) ,is ,a ,feasible ,method ,for ,quantification ,of 
202,16,64,_10_1371_journal_pone_0063385.txt,1,1,1,1,information ,and ,what ,kind ,of ,image ,features ,are ,common ,ones ,shared ,in ,multiple ,classes. ,"Mathematically, ",the ,whole ,formulation ,is ,subject 
228,41,39,_10_1371_journal_pone_0071476.txt,1,1,1,1,and ,pose ,new ,challenges ,to ,urban ,species. ,Songbirds ,are ,particularly ,affected ,by ,these ,"factors, ",because ,they ,rely ,on ,the ,spread 
319,66,36,_10_1371_journal_pone_0081153.txt,1,1,1,1,People',s ,daily ,activity ,patterns ,were ,"inferred, ",such ,as ,place ,"visited, ",the ,time ,this ,took ,"place, ",the ,duration ,of ,the 
394,39,43,_10_1371_journal_pone_0069829.txt,1,1,1,1,impact ,reverberates ,through ,entire ,networks ,in ,ways ,that ,are ,poorly ,"understood, ",difficult ,to ,"assess, ",and ,even ,more ,difficult ,to ,predict. 
190,46,200,_10_1371_journal_pone_0073695.txt,1,1,1,1,before ,their ,"death, ",caribou ,that ,were ,killed ,by ,a ,predator ,selected ,for ,recent ,disturbances ,more ,than ,individuals ,that ,"survived, ",and 
340,73,144,_10_1371_journal_pone_0085725.txt,1,1,1,1,show ,that ,"roads, ",forest ,"fires, ",and ,selective ,logging ,are ,previously ,unrecognized ,risk ,factors ,for ,malaria ,in ,the ,Brazilian ,Amazon ,and 
59,62,192,_10_1371_journal_pone_0079967.txt,1,1,1,1,Analysis ,of ,connectivity ,scenarios ,suggested ,that ,owl ,roadkills ,were ,primarily ,related ,to ,short ,range ,movements (<5 ,km) ,between ,high ,quality ,territories. 
268,34,66,_10_1371_journal_pone_0068636.txt,1,1,1,1,or ,who ,died ,after ,arrival ,to ,these ,centers ,were ,prospectively ,studied ,from ,April 2006 ,to ,October 2007. ,Demography ,of ,"patients, ",road-,user 
295,52,209,_10_1371_journal_pone_0076108.txt,1,1,1,1,related ,to ,pathogenicity ,and ,resistance/,survival ,were ,"found, ",including ,proteins ,involved ,with ,"adhesion, ",biofilm ,formation ,and ,antibiotic ,"resistance, ",stress ,"proteins, "
140,96,21,_10_1371_journal_pone_0092459.txt,1,1,1,1,street ,dust ,from ,urban ,areas ,of ,"Tianjin, ",China ,was ,quantitatively ,analyzed ,using ,the ,method ,of ,toxicity ,characteristic ,leaching ,procedure (,TCLP) 
19,25,68,_10_1371_journal_pone_0064968.txt,1,1,1,1,an ,attempt ,to ,obtain ,high ,predictive ,"precision, ",but ,are ,rarely ,used ,for ,generic ,or ,theoretical ,purposes. ,Here ,we ,show ,that 
212,18,127,_10_1371_journal_pone_0064128.txt,1,1,1,1,Adult ,C57,BL/6,J ,female ,mice ,were ,exposed ,to ,re-,aerosolized ,nPM (350 ,µg/,m3) ,or ,control ,filtered ,ambient ,air ,for 10 
293,43,113,_10_1371_journal_pone_0072129.txt,1,1,1,1,dengue ,infections. ,Two ,risk ,attributes ,are ,evaluated: (,i) ,the ,risk ,posed ,by ,through ,traffic ,at ,each ,stopover ,airport ,and (,ii) 
176,13,36,_10_1371_journal_pone_0061876.txt,1,1,1,1,dynamics ,far ,from ,the ,crossing ,are ,governed ,by ,the ,rules ,introduced ,by ,Nagel ,and ,"Paczuski, ",which ,define ,how ,drivers ,behave 
339,73,113,_10_1371_journal_pone_0085725.txt,1,1,1,1,selective ,"logging, ",municipalities ,where 0–7% ,of ,the ,remaining ,forests ,were ,selectively ,logged ,had ,the ,highest ,malaria ,"risk (1.72, 95% ","CI 1.18–2.51), ",and ,areas ,with 
349,84,132,_10_1371_journal_pone_0088463.txt,1,1,1,1,eleven ,indicators ,of ,adaptive ,"capacity, ",which ,were ,evaluated ,through ,semi-,structured ,interviews ,with 558 ,coffee ,producers. ,"Exposure, ",sensitivity ,and ,adaptive ,capacity 
308,51,133,_10_1371_journal_pone_0075424.txt,1,1,1,1,metre ,rule. ,Bootstrap ,p-,values ,were ,computed ,using ,sample ,sizes ,computed ,from ,conventional ,values ,of ,power ,and ,effect ,size. ,Results: 
325,62,207,_10_1371_journal_pone_0079967.txt,1,1,1,1,km) ,between ,high ,quality ,territories. ,Tawny ,owl ,roadkills ,were ,spatially ,"autocorrelated, ",but ,the ,introduction ,of ,spatial ,filters ,in ,the ,regression 
152,8,84,_10_1371_journal_pone_0058650.txt,1,1,1,1,through ,Mentoring ,and ,Assessment (,BHOMA) ,project ,is ,a ,randomised ,step-,wedged ,community ,intervention ,that ,aims ,to ,strengthen ,the ,health ,system 
332,65,45,_10_1371_journal_pone_0080598.txt,1,1,1,1,utilization ,survey ,was ,conducted ,"and 8,715 ",caregivers ,were ,interviewed ,regarding ,their ,intended ,behavior ,in ,case ,their ,children ,had ,mild ,or ,severe 
170,84,265,_10_1371_journal_pone_0088463.txt,1,1,1,1,trends ,difficult ,to ,identify. ,Flexible ,strategies ,for ,adaption ,are ,therefore ,needed. ,Families ,need ,the ,support ,of ,government ,and ,institutions ,specialized 
200,49,240,_10_1371_journal_pone_0075024.txt,1,1,1,1,distributions ,and ,significant ,human ,hunting ,signs ,were ,found ,inside ,these ,protected ,"areas, ",illustrating ,the ,lack ,of ,environmental ,law ,enforcement ,throughout 
347,82,23,_10_1371_journal_pone_0087986.txt,1,1,1,1,networks ,modelling; ,in ,"particular, ",self-,healing ,capabilities ,are ,implemented ,through ,distributed ,communication ,protocols ,that ,exploit ,redundant ,links ,to ,recover ,the 
335,71,88,_10_1371_journal_pone_0085470.txt,1,1,1,1,m) ,above ,the ,forest ,floor. ,Bromeliads ,were ,sampled ,from ,trees ,located ,near ,trails ,in ,undisturbed ,primary ,rainforest ,and ,oil ,access 
297,95,226,_10_1371_journal_pone_0092430.txt,1,1,1,1,recovery ,"actions, ",but ,the ,extent ,to ,which ,this ,was ,true ,depended ,on ,the ,target ,koala ,population ,growth ,rate. ,Given ,that 
299,49,257,_10_1371_journal_pone_0075024.txt,1,1,1,1,law ,enforcement ,throughout ,the ,country. ,Río ,Muni ,is ,currently ,under-,represented ,in ,conservation ,efforts ,in ,Western ,Equatorial ,"Africa, ",and ,we 
305,74,187,_10_1371_journal_pone_0086294.txt,1,1,1,1,evaluated ,using ,a ,push-,out ,test. ,Data ,were ,analyzed ,using ,repeated ,measurement ,ANOVA ,and ,following ,post-,hoc ,test. ,Results: ,CLSM 
276,34,132,_10_1371_journal_pone_0068636.txt,1,1,1,1,The ,most ,common ,mechanism ,of ,RTC ,was ,rollover ,of ,vehicle (37%) ,followed ,by ,front ,impact ,collision (32%). 32 (13%) ,of ,vehicle ,occupants ,were ,ejected 
156,32,115,_10_1371_journal_pone_0068258.txt,1,1,1,1,indicators ,to ,test ,if ,there ,are ,significant ,differences. ,"Then, ",we ,applied ,a ,multiple ,logistic ,regression ,analysis ,to ,determine ,if ,bibliometric 
306,51,158,_10_1371_journal_pone_0075424.txt,1,1,1,1,between ,passing ,distance ,and ,helmet ,wearing ,was ,not ,found ,when ,dichotomised ,by ,the ,one ,metre ,rule. ,Other ,factors ,were ,found 
155,25,5,_10_1371_journal_pone_0064968.txt,1,1,1,1,indispensable ,for ,ranking ,management ,"scenarios.

","
",Landscape ,simulators ,are ,widely ,applied ,in ,landscape ,ecology ,for ,generating ,landscape ,patterns. ,These ,models 
